row 0:   (0, 8.22222)    (1, 2.77778)    (2, 1.44444)    (3, -0.666667)    (4, -0.666667)    (18, -0.694444)   
row 1:   (0, 2.77778)    (1, 8.22222)    (2, 1.44444)    (3, -0.694444)    (4, -0.666667)    (18, -0.666667)   
row 2:   (0, 1.44444)    (1, 1.44444)    (2, 16.4444)    (3, -1.71738e-15)    (4, -0.694444)    (5, 1.44444)    (18, -2.96638e-16)    (19, 1.44444)    (20, -0.694444)   
row 3:   (0, -0.666667)    (1, -0.694444)    (2, -1.60462e-15)    (3, 5.125)    (4, -0.00694444)    (5, -1.33333)    (6, -0.666667)    (7, -0.694444)    (8, -0.00694444)    (18, -0.347222)    (19, -0.694444)    (20, -0.0138889)   
row 4:   (0, -0.666667)    (1, -0.666667)    (2, -0.694444)    (3, -0.00694444)    (4, 2.04167)    (18, -0.00694444)   
row 5:   (2, 1.44444)    (3, -1.33333)    (5, 16.4444)    (6, 2.77778)    (7, 1.44444)    (8, -0.694444)    (18, -0.694444)    (19, 2.77778)    (20, -1.33333)   
row 6:   (3, -0.666667)    (5, 2.77778)    (6, 8.22222)    (7, 1.44444)    (8, -0.666667)    (20, -0.694444)   
row 7:   (3, -0.694444)    (5, 1.44444)    (6, 1.44444)    (7, 16.4444)    (8, 4.02803e-15)    (9, 1.44444)    (20, -3.98119e-15)    (24, 1.44444)    (25, -0.694444)   
row 8:   (3, -0.00694444)    (5, -0.694444)    (6, -0.666667)    (7, 4.04364e-15)    (8, 5.125)    (9, -1.33333)    (10, -0.666667)    (11, -0.694444)    (12, -0.00694444)    (20, -0.347222)    (24, -0.694444)    (25, -0.0138889)   
row 9:   (7, 1.44444)    (8, -1.33333)    (9, 16.4444)    (10, 2.77778)    (11, 1.44444)    (12, -0.694444)    (20, -0.694444)    (24, 2.77778)    (25, -1.33333)   
row 10:   (8, -0.666667)    (9, 2.77778)    (10, 8.22222)    (11, 1.44444)    (12, -0.666667)    (25, -0.694444)   
row 11:   (8, -0.694444)    (9, 1.44444)    (10, 1.44444)    (11, 16.4444)    (12, 4.02803e-15)    (13, 1.44444)    (25, -3.98119e-15)    (28, 1.44444)    (29, -0.694444)   
row 12:   (8, -0.00694444)    (9, -0.694444)    (10, -0.666667)    (11, 4.04364e-15)    (12, 5.125)    (13, -1.33333)    (14, -0.666667)    (15, -0.694444)    (16, 0.)    (25, -0.347222)    (28, -0.694444)    (29, -0.0138889)   
row 13:   (11, 1.44444)    (12, -1.33333)    (13, 16.4444)    (14, 2.77778)    (15, 1.44444)    (16, 0.)    (25, -0.694444)    (28, 2.77778)    (29, -1.33333)   
row 14:   (12, -0.666667)    (13, 2.77778)    (14, 8.22222)    (15, 1.44444)    (16, 0.)    (29, -0.694444)   
row 15:   (12, -0.694444)    (13, 1.44444)    (14, 1.44444)    (15, 16.4444)    (16, 0.)    (17, 0.)    (29, -3.98119e-15)    (32, 1.44444)    (33, 0.)   
row 16:   (12, 0.)    (13, 0.)    (14, 0.)    (15, 0.)    (16, 1.)    (17, 0.)    (29, 0.)    (32, 0.)    (33, 0.)   
row 17:   (15, 0.)    (16, 0.)    (17, 1.)    (29, 0.)    (32, 0.)    (33, 0.)   
row 18:   (0, -0.694444)    (1, -0.666667)    (2, -3.48679e-16)    (3, -0.347222)    (4, -0.00694444)    (5, -0.694444)    (18, 5.125)    (19, -1.33333)    (20, -0.0138889)    (21, -0.666667)    (22, -0.694444)    (152, -0.00694444)   
row 19:   (2, 1.44444)    (3, -0.694444)    (5, 2.77778)    (18, -1.33333)    (19, 16.4444)    (20, -1.33333)    (21, 2.77778)    (22, 1.44444)    (152, -0.694444)   
row 20:   (2, -0.694444)    (3, -0.0138889)    (5, -1.33333)    (6, -0.694444)    (7, -4.14425e-15)    (8, -0.347222)    (9, -0.694444)    (18, -0.0138889)    (19, -1.33333)    (20, 10.25)    (21, -0.694444)    (22, -2.01228e-15)    (23, -1.33333)    (24, -1.33333)    (25, -0.0138889)    (26, -0.694444)    (150, -0.0138889)    (151, -0.694444)    (152, -0.347222)   
row 21:   (18, -0.666667)    (19, 2.77778)    (20, -0.694444)    (21, 8.22222)    (22, 1.44444)    (152, -0.666667)   
row 22:   (18, -0.694444)    (19, 1.44444)    (20, -2.05391e-15)    (21, 1.44444)    (22, 16.4444)    (23, 1.44444)    (150, -0.694444)    (151, 1.44444)    (152, -1.36696e-15)   
row 23:   (20, -1.33333)    (22, 1.44444)    (23, 16.4444)    (24, 2.77778)    (25, -0.694444)    (26, 1.44444)    (150, -1.33333)    (151, 2.77778)    (152, -0.694444)   
row 24:   (7, 1.44444)    (8, -0.694444)    (9, 2.77778)    (20, -1.33333)    (23, 2.77778)    (24, 16.4444)    (25, -1.33333)    (26, 1.44444)    (150, -0.694444)   
row 25:   (7, -0.694444)    (8, -0.0138889)    (9, -1.33333)    (10, -0.694444)    (11, -4.14425e-15)    (12, -0.347222)    (13, -0.694444)    (20, -0.0138889)    (23, -0.694444)    (24, -1.33333)    (25, 10.25)    (26, -2.01228e-15)    (27, -1.33333)    (28, -1.33333)    (29, -0.0138889)    (30, -0.694444)    (148, -0.0138889)    (149, -0.694444)    (150, -0.347222)   
row 26:   (20, -0.694444)    (23, 1.44444)    (24, 1.44444)    (25, -2.05391e-15)    (26, 16.4444)    (27, 1.44444)    (148, -0.694444)    (149, 1.44444)    (150, -1.36696e-15)   
row 27:   (25, -1.33333)    (26, 1.44444)    (27, 16.4444)    (28, 2.77778)    (29, -0.694444)    (30, 1.44444)    (148, -1.33333)    (149, 2.77778)    (150, -0.694444)   
row 28:   (11, 1.44444)    (12, -0.694444)    (13, 2.77778)    (25, -1.33333)    (27, 2.77778)    (28, 16.4444)    (29, -1.33333)    (30, 1.44444)    (148, -0.694444)   
row 29:   (11, -0.694444)    (12, -0.0138889)    (13, -1.33333)    (14, -0.694444)    (15, -4.14425e-15)    (16, 0.)    (17, 0.)    (25, -0.0138889)    (27, -0.694444)    (28, -1.33333)    (29, 10.25)    (30, -2.01228e-15)    (31, -1.33333)    (32, -1.33333)    (33, 0.)    (34, -0.694444)    (146, -0.0138889)    (147, -0.694444)    (148, -0.347222)   
row 30:   (25, -0.694444)    (27, 1.44444)    (28, 1.44444)    (29, -2.05391e-15)    (30, 16.4444)    (31, 1.44444)    (146, -0.694444)    (147, 1.44444)    (148, -1.36696e-15)   
row 31:   (29, -1.33333)    (30, 1.44444)    (31, 16.4444)    (32, 2.77778)    (33, 0.)    (34, 1.44444)    (146, -1.33333)    (147, 2.77778)    (148, -0.694444)   
row 32:   (15, 1.44444)    (16, 0.)    (17, 0.)    (29, -1.33333)    (31, 2.77778)    (32, 16.4444)    (33, 0.)    (34, 1.44444)    (146, -0.694444)   
row 33:   (15, 0.)    (16, 0.)    (17, 0.)    (29, 0.)    (31, 0.)    (32, 0.)    (33, 1.)    (34, 0.)    (35, 0.)    (144, 0.)    (145, 0.)    (146, 0.)   
row 34:   (29, -0.694444)    (31, 1.44444)    (32, 1.44444)    (33, 0.)    (34, 16.4444)    (35, 0.)    (144, 0.)    (145, 1.44444)    (146, -1.36696e-15)   
row 35:   (33, 0.)    (34, 0.)    (35, 1.)    (144, 0.)    (145, 0.)    (146, 0.)   
row 36:   (0, -5.55556)    (1, -2.77778)    (2, -2.77778)    (3, -1.97259e-15)    (4, 1.89893e-15)    (18, 0.694444)    (36, 8.22222)    (37, 2.77778)    (38, 1.44444)    (39, -0.666667)    (40, -0.666667)    (54, -0.694444)   
row 37:   (0, -2.77778)    (1, -5.55556)    (2, -2.77778)    (3, 0.694444)    (4, -1.9289e-15)    (18, 2.38932e-15)    (36, 2.77778)    (37, 8.22222)    (38, 1.44444)    (39, -0.694444)    (40, -0.666667)    (54, -0.666667)   
row 38:   (0, -2.77778)    (1, -2.77778)    (2, -11.1111)    (3, 1.83349e-15)    (4, 0.694444)    (5, -2.77778)    (18, 8.07399e-16)    (19, -2.77778)    (20, 0.694444)    (36, 1.44444)    (37, 1.44444)    (38, 16.4444)    (39, -1.71738e-15)    (40, -0.694444)    (41, 1.44444)    (54, -2.96638e-16)    (55, 1.44444)    (56, -0.694444)   
row 39:   (0, -2.0466e-15)    (1, 0.694444)    (2, 1.79878e-15)    (3, -3.125)    (4, 0.173611)    (5, 7.69075e-15)    (6, -2.0466e-15)    (7, 0.694444)    (8, 0.173611)    (18, 0.347222)    (19, 0.694444)    (20, 0.347222)    (36, -0.666667)    (37, -0.694444)    (38, -1.60462e-15)    (39, 5.125)    (40, -0.00694444)    (41, -1.33333)    (42, -0.666667)    (43, -0.694444)    (44, -0.00694444)    (54, -0.347222)    (55, -0.694444)    (56, -0.0138889)   
row 40:   (0, 1.88327e-15)    (1, -1.95432e-15)    (2, 0.694444)    (3, 0.173611)    (4, -1.04167)    (18, 0.173611)    (36, -0.666667)    (37, -0.666667)    (38, -0.694444)    (39, -0.00694444)    (40, 2.04167)    (54, -0.00694444)   
row 41:   (2, -2.77778)    (3, 7.61217e-15)    (5, -11.1111)    (6, -2.77778)    (7, -2.77778)    (8, 0.694444)    (18, 0.694444)    (19, -2.77778)    (20, -2.18306e-15)    (38, 1.44444)    (39, -1.33333)    (41, 16.4444)    (42, 2.77778)    (43, 1.44444)    (44, -0.694444)    (54, -0.694444)    (55, 2.77778)    (56, -1.33333)   
row 42:   (3, -1.97259e-15)    (5, -2.77778)    (6, -5.55556)    (7, -2.77778)    (8, 1.89893e-15)    (20, 0.694444)    (39, -0.666667)    (41, 2.77778)    (42, 8.22222)    (43, 1.44444)    (44, -0.666667)    (56, -0.694444)   
row 43:   (3, 0.694444)    (5, -2.77778)    (6, -2.77778)    (7, -11.1111)    (8, -3.9015e-15)    (9, -2.77778)    (20, 4.28824e-15)    (24, -2.77778)    (25, 0.694444)    (39, -0.694444)    (41, 1.44444)    (42, 1.44444)    (43, 16.4444)    (44, 4.02803e-15)    (45, 1.44444)    (56, -3.98119e-15)    (60, 1.44444)    (61, -0.694444)   
row 44:   (3, 0.173611)    (5, 0.694444)    (6, 1.88327e-15)    (7, -4.00091e-15)    (8, -3.125)    (9, 7.69075e-15)    (10, -2.0466e-15)    (11, 0.694444)    (12, 0.173611)    (20, 0.347222)    (24, 0.694444)    (25, 0.347222)    (39, -0.00694444)    (41, -0.694444)    (42, -0.666667)    (43, 4.04364e-15)    (44, 5.125)    (45, -1.33333)    (46, -0.666667)    (47, -0.694444)    (48, -0.00694444)    (56, -0.347222)    (60, -0.694444)    (61, -0.0138889)   
row 45:   (7, -2.77778)    (8, 7.61217e-15)    (9, -11.1111)    (10, -2.77778)    (11, -2.77778)    (12, 0.694444)    (20, 0.694444)    (24, -2.77778)    (25, -2.18306e-15)    (43, 1.44444)    (44, -1.33333)    (45, 16.4444)    (46, 2.77778)    (47, 1.44444)    (48, -0.694444)    (56, -0.694444)    (60, 2.77778)    (61, -1.33333)   
row 46:   (8, -1.97259e-15)    (9, -2.77778)    (10, -5.55556)    (11, -2.77778)    (12, 1.89893e-15)    (25, 0.694444)    (44, -0.666667)    (45, 2.77778)    (46, 8.22222)    (47, 1.44444)    (48, -0.666667)    (61, -0.694444)   
row 47:   (8, 0.694444)    (9, -2.77778)    (10, -2.77778)    (11, -11.1111)    (12, -3.9015e-15)    (13, -2.77778)    (25, 4.28824e-15)    (28, -2.77778)    (29, 0.694444)    (44, -0.694444)    (45, 1.44444)    (46, 1.44444)    (47, 16.4444)    (48, 4.02803e-15)    (49, 1.44444)    (61, -3.98119e-15)    (64, 1.44444)    (65, -0.694444)   
row 48:   (8, 0.173611)    (9, 0.694444)    (10, 1.88327e-15)    (11, -4.00091e-15)    (12, -3.125)    (13, 7.69075e-15)    (14, -2.0466e-15)    (15, 0.694444)    (16, 0.)    (25, 0.347222)    (28, 0.694444)    (29, 0.347222)    (44, -0.00694444)    (45, -0.694444)    (46, -0.666667)    (47, 4.04364e-15)    (48, 5.125)    (49, -1.33333)    (50, -0.666667)    (51, -0.694444)    (52, 0.)    (61, -0.347222)    (64, -0.694444)    (65, -0.0138889)   
row 49:   (11, -2.77778)    (12, 7.61217e-15)    (13, -11.1111)    (14, -2.77778)    (15, -2.77778)    (16, 0.)    (25, 0.694444)    (28, -2.77778)    (29, -2.18306e-15)    (47, 1.44444)    (48, -1.33333)    (49, 16.4444)    (50, 2.77778)    (51, 1.44444)    (52, 0.)    (61, -0.694444)    (64, 2.77778)    (65, -1.33333)   
row 50:   (12, -1.97259e-15)    (13, -2.77778)    (14, -5.55556)    (15, -2.77778)    (16, 0.)    (29, 0.694444)    (48, -0.666667)    (49, 2.77778)    (50, 8.22222)    (51, 1.44444)    (52, 0.)    (65, -0.694444)   
row 51:   (12, 0.694444)    (13, -2.77778)    (14, -2.77778)    (15, -11.1111)    (16, 0.)    (17, 0.)    (29, 4.28824e-15)    (32, -2.77778)    (33, 0.)    (48, -0.694444)    (49, 1.44444)    (50, 1.44444)    (51, 16.4444)    (52, 0.)    (53, 0.)    (65, -3.98119e-15)    (68, 1.44444)    (69, 0.)   
row 52:   (12, 0.)    (13, 0.)    (14, 0.)    (15, 0.)    (16, 0.)    (17, 0.)    (29, 0.)    (32, 0.)    (33, 0.)    (48, 0.)    (49, 0.)    (50, 0.)    (51, 0.)    (52, 1.)    (53, 0.)    (65, 0.)    (68, 0.)    (69, 0.)   
row 53:   (15, 0.)    (16, 0.)    (17, 0.)    (29, 0.)    (32, 0.)    (33, 0.)    (51, 0.)    (52, 0.)    (53, 1.)    (65, 0.)    (68, 0.)    (69, 0.)   
row 54:   (0, 0.694444)    (1, 2.41802e-15)    (2, 7.85046e-16)    (3, 0.347222)    (4, 0.173611)    (5, 0.694444)    (18, -3.125)    (19, -4.00091e-15)    (20, 0.347222)    (21, 3.84538e-15)    (22, 0.694444)    (36, -0.694444)    (37, -0.666667)    (38, -3.48679e-16)    (39, -0.347222)    (40, -0.00694444)    (41, -0.694444)    (54, 5.125)    (55, -1.33333)    (56, -0.0138889)    (57, -0.666667)    (58, -0.694444)    (152, 0.173611)    (197, -0.00694444)   
row 55:   (2, -2.77778)    (3, 0.694444)    (5, -2.77778)    (18, -3.9015e-15)    (19, -11.1111)    (20, 4.28824e-15)    (21, -2.77778)    (22, -2.77778)    (38, 1.44444)    (39, -0.694444)    (41, 2.77778)    (54, -1.33333)    (55, 16.4444)    (56, -1.33333)    (57, 2.77778)    (58, 1.44444)    (152, 0.694444)    (197, -0.694444)   
row 56:   (2, 0.694444)    (3, 0.347222)    (5, -2.19645e-15)    (6, 0.694444)    (7, 4.30129e-15)    (8, 0.347222)    (9, 0.694444)    (18, 0.347222)    (19, 4.30129e-15)    (20, -6.25)    (21, 0.694444)    (22, 1.89106e-15)    (23, 1.79878e-15)    (24, -4.00091e-15)    (25, 0.347222)    (26, 0.694444)    (38, -0.694444)    (39, -0.0138889)    (41, -1.33333)    (42, -0.694444)    (43, -4.14425e-15)    (44, -0.347222)    (45, -0.694444)    (54, -0.0138889)    (55, -1.33333)    (56, 10.25)    (57, -0.694444)    (58, -2.01228e-15)    (59, -1.33333)    (60, -1.33333)    (61, -0.0138889)    (62, -0.694444)    (150, 0.347222)    (151, 0.694444)    (152, 0.347222)    (195, -0.0138889)    (196, -0.694444)    (197, -0.347222)   
row 57:   (18, 3.80609e-15)    (19, -2.77778)    (20, 0.694444)    (21, -5.55556)    (22, -2.77778)    (54, -0.666667)    (55, 2.77778)    (56, -0.694444)    (57, 8.22222)    (58, 1.44444)    (152, -1.09153e-15)    (197, -0.666667)   
row 58:   (18, 0.694444)    (19, -2.77778)    (20, 1.87718e-15)    (21, -2.77778)    (22, -11.1111)    (23, -2.77778)    (54, -0.694444)    (55, 1.44444)    (56, -2.05391e-15)    (57, 1.44444)    (58, 16.4444)    (59, 1.44444)    (150, 0.694444)    (151, -2.77778)    (152, 1.29779e-15)    (195, -0.694444)    (196, 1.44444)    (197, -1.36696e-15)   
row 59:   (20, 1.83349e-15)    (22, -2.77778)    (23, -11.1111)    (24, -2.77778)    (25, 0.694444)    (26, -2.77778)    (56, -1.33333)    (58, 1.44444)    (59, 16.4444)    (60, 2.77778)    (61, -0.694444)    (62, 1.44444)    (150, 8.07399e-16)    (151, -2.77778)    (152, 0.694444)    (195, -1.33333)    (196, 2.77778)    (197, -0.694444)   
row 60:   (7, -2.77778)    (8, 0.694444)    (9, -2.77778)    (20, -3.9015e-15)    (23, -2.77778)    (24, -11.1111)    (25, 4.28824e-15)    (26, -2.77778)    (43, 1.44444)    (44, -0.694444)    (45, 2.77778)    (56, -1.33333)    (59, 2.77778)    (60, 16.4444)    (61, -1.33333)    (62, 1.44444)    (150, 0.694444)    (195, -0.694444)   
row 61:   (7, 0.694444)    (8, 0.347222)    (9, -2.19645e-15)    (10, 0.694444)    (11, 4.30129e-15)    (12, 0.347222)    (13, 0.694444)    (20, 0.347222)    (23, 0.694444)    (24, 4.30129e-15)    (25, -6.25)    (26, 1.89106e-15)    (27, 1.79878e-15)    (28, -4.00091e-15)    (29, 0.347222)    (30, 0.694444)    (43, -0.694444)    (44, -0.0138889)    (45, -1.33333)    (46, -0.694444)    (47, -4.14425e-15)    (48, -0.347222)    (49, -0.694444)    (56, -0.0138889)    (59, -0.694444)    (60, -1.33333)    (61, 10.25)    (62, -2.01228e-15)    (63, -1.33333)    (64, -1.33333)    (65, -0.0138889)    (66, -0.694444)    (148, 0.347222)    (149, 0.694444)    (150, 0.347222)    (193, -0.0138889)    (194, -0.694444)    (195, -0.347222)   
row 62:   (20, 0.694444)    (23, -2.77778)    (24, -2.77778)    (25, 1.87718e-15)    (26, -11.1111)    (27, -2.77778)    (56, -0.694444)    (59, 1.44444)    (60, 1.44444)    (61, -2.05391e-15)    (62, 16.4444)    (63, 1.44444)    (148, 0.694444)    (149, -2.77778)    (150, 1.29779e-15)    (193, -0.694444)    (194, 1.44444)    (195, -1.36696e-15)   
row 63:   (25, 1.83349e-15)    (26, -2.77778)    (27, -11.1111)    (28, -2.77778)    (29, 0.694444)    (30, -2.77778)    (61, -1.33333)    (62, 1.44444)    (63, 16.4444)    (64, 2.77778)    (65, -0.694444)    (66, 1.44444)    (148, 8.07399e-16)    (149, -2.77778)    (150, 0.694444)    (193, -1.33333)    (194, 2.77778)    (195, -0.694444)   
row 64:   (11, -2.77778)    (12, 0.694444)    (13, -2.77778)    (25, -3.9015e-15)    (27, -2.77778)    (28, -11.1111)    (29, 4.28824e-15)    (30, -2.77778)    (47, 1.44444)    (48, -0.694444)    (49, 2.77778)    (61, -1.33333)    (63, 2.77778)    (64, 16.4444)    (65, -1.33333)    (66, 1.44444)    (148, 0.694444)    (193, -0.694444)   
row 65:   (11, 0.694444)    (12, 0.347222)    (13, -2.19645e-15)    (14, 0.694444)    (15, 4.30129e-15)    (16, 0.)    (17, 0.)    (25, 0.347222)    (27, 0.694444)    (28, 4.30129e-15)    (29, -6.25)    (30, 1.89106e-15)    (31, 1.79878e-15)    (32, -4.00091e-15)    (33, 0.)    (34, 0.694444)    (47, -0.694444)    (48, -0.0138889)    (49, -1.33333)    (50, -0.694444)    (51, -4.14425e-15)    (52, 0.)    (53, 0.)    (61, -0.0138889)    (63, -0.694444)    (64, -1.33333)    (65, 10.25)    (66, -2.01228e-15)    (67, -1.33333)    (68, -1.33333)    (69, 0.)    (70, -0.694444)    (146, 0.347222)    (147, 0.694444)    (148, 0.347222)    (191, -0.0138889)    (192, -0.694444)    (193, -0.347222)   
row 66:   (25, 0.694444)    (27, -2.77778)    (28, -2.77778)    (29, 1.87718e-15)    (30, -11.1111)    (31, -2.77778)    (61, -0.694444)    (63, 1.44444)    (64, 1.44444)    (65, -2.05391e-15)    (66, 16.4444)    (67, 1.44444)    (146, 0.694444)    (147, -2.77778)    (148, 1.29779e-15)    (191, -0.694444)    (192, 1.44444)    (193, -1.36696e-15)   
row 67:   (29, 1.83349e-15)    (30, -2.77778)    (31, -11.1111)    (32, -2.77778)    (33, 0.)    (34, -2.77778)    (65, -1.33333)    (66, 1.44444)    (67, 16.4444)    (68, 2.77778)    (69, 0.)    (70, 1.44444)    (146, 8.07399e-16)    (147, -2.77778)    (148, 0.694444)    (191, -1.33333)    (192, 2.77778)    (193, -0.694444)   
row 68:   (15, -2.77778)    (16, 0.)    (17, 0.)    (29, -3.9015e-15)    (31, -2.77778)    (32, -11.1111)    (33, 0.)    (34, -2.77778)    (51, 1.44444)    (52, 0.)    (53, 0.)    (65, -1.33333)    (67, 2.77778)    (68, 16.4444)    (69, 0.)    (70, 1.44444)    (146, 0.694444)    (191, -0.694444)   
row 69:   (15, 0.)    (16, 0.)    (17, 0.)    (29, 0.)    (31, 0.)    (32, 0.)    (33, 0.)    (34, 0.)    (35, 0.)    (51, 0.)    (52, 0.)    (53, 0.)    (65, 0.)    (67, 0.)    (68, 0.)    (69, 1.)    (70, 0.)    (71, 0.)    (144, 0.)    (145, 0.)    (146, 0.)    (189, 0.)    (190, 0.)    (191, 0.)   
row 70:   (29, 0.694444)    (31, -2.77778)    (32, -2.77778)    (33, 0.)    (34, -11.1111)    (35, 0.)    (65, -0.694444)    (67, 1.44444)    (68, 1.44444)    (69, 0.)    (70, 16.4444)    (71, 0.)    (144, 0.)    (145, -2.77778)    (146, 1.29779e-15)    (189, 0.)    (190, 1.44444)    (191, -1.36696e-15)   
row 71:   (33, 0.)    (34, 0.)    (35, 0.)    (69, 0.)    (70, 0.)    (71, 1.)    (144, 0.)    (145, 0.)    (146, 0.)    (189, 0.)    (190, 0.)    (191, 0.)   
row 72:   (36, -5.55556)    (37, -2.77778)    (38, -2.77778)    (39, -1.97259e-15)    (40, 1.89893e-15)    (54, 0.694444)    (72, 8.22222)    (73, 2.77778)    (74, 1.44444)    (75, -0.666667)    (76, -0.666667)    (90, -0.694444)   
row 73:   (36, -2.77778)    (37, -5.55556)    (38, -2.77778)    (39, 0.694444)    (40, -1.9289e-15)    (54, 2.38932e-15)    (72, 2.77778)    (73, 8.22222)    (74, 1.44444)    (75, -0.694444)    (76, -0.666667)    (90, -0.666667)   
row 74:   (36, -2.77778)    (37, -2.77778)    (38, -11.1111)    (39, 1.83349e-15)    (40, 0.694444)    (41, -2.77778)    (54, 8.07399e-16)    (55, -2.77778)    (56, 0.694444)    (72, 1.44444)    (73, 1.44444)    (74, 16.4444)    (75, -1.71738e-15)    (76, -0.694444)    (77, 1.44444)    (90, -2.96638e-16)    (91, 1.44444)    (92, -0.694444)   
row 75:   (36, -2.0466e-15)    (37, 0.694444)    (38, 1.79878e-15)    (39, -3.125)    (40, 0.173611)    (41, 7.69075e-15)    (42, -2.0466e-15)    (43, 0.694444)    (44, 0.173611)    (54, 0.347222)    (55, 0.694444)    (56, 0.347222)    (72, -0.666667)    (73, -0.694444)    (74, -1.60462e-15)    (75, 5.125)    (76, -0.00694444)    (77, -1.33333)    (78, -0.666667)    (79, -0.694444)    (80, -0.00694444)    (90, -0.347222)    (91, -0.694444)    (92, -0.0138889)   
row 76:   (36, 1.88327e-15)    (37, -1.95432e-15)    (38, 0.694444)    (39, 0.173611)    (40, -1.04167)    (54, 0.173611)    (72, -0.666667)    (73, -0.666667)    (74, -0.694444)    (75, -0.00694444)    (76, 2.04167)    (90, -0.00694444)   
row 77:   (38, -2.77778)    (39, 7.61217e-15)    (41, -11.1111)    (42, -2.77778)    (43, -2.77778)    (44, 0.694444)    (54, 0.694444)    (55, -2.77778)    (56, -2.18306e-15)    (74, 1.44444)    (75, -1.33333)    (77, 16.4444)    (78, 2.77778)    (79, 1.44444)    (80, -0.694444)    (90, -0.694444)    (91, 2.77778)    (92, -1.33333)   
row 78:   (39, -1.97259e-15)    (41, -2.77778)    (42, -5.55556)    (43, -2.77778)    (44, 1.89893e-15)    (56, 0.694444)    (75, -0.666667)    (77, 2.77778)    (78, 8.22222)    (79, 1.44444)    (80, -0.666667)    (92, -0.694444)   
row 79:   (39, 0.694444)    (41, -2.77778)    (42, -2.77778)    (43, -11.1111)    (44, -3.9015e-15)    (45, -2.77778)    (56, 4.28824e-15)    (60, -2.77778)    (61, 0.694444)    (75, -0.694444)    (77, 1.44444)    (78, 1.44444)    (79, 16.4444)    (80, 4.02803e-15)    (81, 1.44444)    (92, -3.98119e-15)    (96, 1.44444)    (97, -0.694444)   
row 80:   (39, 0.173611)    (41, 0.694444)    (42, 1.88327e-15)    (43, -4.00091e-15)    (44, -3.125)    (45, 7.69075e-15)    (46, -2.0466e-15)    (47, 0.694444)    (48, 0.173611)    (56, 0.347222)    (60, 0.694444)    (61, 0.347222)    (75, -0.00694444)    (77, -0.694444)    (78, -0.666667)    (79, 4.04364e-15)    (80, 5.125)    (81, -1.33333)    (82, -0.666667)    (83, -0.694444)    (84, -0.00694444)    (92, -0.347222)    (96, -0.694444)    (97, -0.0138889)   
row 81:   (43, -2.77778)    (44, 7.61217e-15)    (45, -11.1111)    (46, -2.77778)    (47, -2.77778)    (48, 0.694444)    (56, 0.694444)    (60, -2.77778)    (61, -2.18306e-15)    (79, 1.44444)    (80, -1.33333)    (81, 16.4444)    (82, 2.77778)    (83, 1.44444)    (84, -0.694444)    (92, -0.694444)    (96, 2.77778)    (97, -1.33333)   
row 82:   (44, -1.97259e-15)    (45, -2.77778)    (46, -5.55556)    (47, -2.77778)    (48, 1.89893e-15)    (61, 0.694444)    (80, -0.666667)    (81, 2.77778)    (82, 8.22222)    (83, 1.44444)    (84, -0.666667)    (97, -0.694444)   
row 83:   (44, 0.694444)    (45, -2.77778)    (46, -2.77778)    (47, -11.1111)    (48, -3.9015e-15)    (49, -2.77778)    (61, 4.28824e-15)    (64, -2.77778)    (65, 0.694444)    (80, -0.694444)    (81, 1.44444)    (82, 1.44444)    (83, 16.4444)    (84, 4.02803e-15)    (85, 1.44444)    (97, -3.98119e-15)    (100, 1.44444)    (101, -0.694444)   
row 84:   (44, 0.173611)    (45, 0.694444)    (46, 1.88327e-15)    (47, -4.00091e-15)    (48, -3.125)    (49, 7.69075e-15)    (50, -2.0466e-15)    (51, 0.694444)    (52, 0.)    (61, 0.347222)    (64, 0.694444)    (65, 0.347222)    (80, -0.00694444)    (81, -0.694444)    (82, -0.666667)    (83, 4.04364e-15)    (84, 5.125)    (85, -1.33333)    (86, -0.666667)    (87, -0.694444)    (88, 0.)    (97, -0.347222)    (100, -0.694444)    (101, -0.0138889)   
row 85:   (47, -2.77778)    (48, 7.61217e-15)    (49, -11.1111)    (50, -2.77778)    (51, -2.77778)    (52, 0.)    (61, 0.694444)    (64, -2.77778)    (65, -2.18306e-15)    (83, 1.44444)    (84, -1.33333)    (85, 16.4444)    (86, 2.77778)    (87, 1.44444)    (88, 0.)    (97, -0.694444)    (100, 2.77778)    (101, -1.33333)   
row 86:   (48, -1.97259e-15)    (49, -2.77778)    (50, -5.55556)    (51, -2.77778)    (52, 0.)    (65, 0.694444)    (84, -0.666667)    (85, 2.77778)    (86, 8.22222)    (87, 1.44444)    (88, 0.)    (101, -0.694444)   
row 87:   (48, 0.694444)    (49, -2.77778)    (50, -2.77778)    (51, -11.1111)    (52, 0.)    (53, 0.)    (65, 4.28824e-15)    (68, -2.77778)    (69, 0.)    (84, -0.694444)    (85, 1.44444)    (86, 1.44444)    (87, 16.4444)    (88, 0.)    (89, 0.)    (101, -3.98119e-15)    (104, 1.44444)    (105, 0.)   
row 88:   (48, 0.)    (49, 0.)    (50, 0.)    (51, 0.)    (52, 0.)    (53, 0.)    (65, 0.)    (68, 0.)    (69, 0.)    (84, 0.)    (85, 0.)    (86, 0.)    (87, 0.)    (88, 1.)    (89, 0.)    (101, 0.)    (104, 0.)    (105, 0.)   
row 89:   (51, 0.)    (52, 0.)    (53, 0.)    (65, 0.)    (68, 0.)    (69, 0.)    (87, 0.)    (88, 0.)    (89, 1.)    (101, 0.)    (104, 0.)    (105, 0.)   
row 90:   (36, 0.694444)    (37, 2.41802e-15)    (38, 7.85046e-16)    (39, 0.347222)    (40, 0.173611)    (41, 0.694444)    (54, -3.125)    (55, -4.00091e-15)    (56, 0.347222)    (57, 3.84538e-15)    (58, 0.694444)    (72, -0.694444)    (73, -0.666667)    (74, -3.48679e-16)    (75, -0.347222)    (76, -0.00694444)    (77, -0.694444)    (90, 5.125)    (91, -1.33333)    (92, -0.0138889)    (93, -0.666667)    (94, -0.694444)    (197, 0.173611)    (242, -0.00694444)   
row 91:   (38, -2.77778)    (39, 0.694444)    (41, -2.77778)    (54, -3.9015e-15)    (55, -11.1111)    (56, 4.28824e-15)    (57, -2.77778)    (58, -2.77778)    (74, 1.44444)    (75, -0.694444)    (77, 2.77778)    (90, -1.33333)    (91, 16.4444)    (92, -1.33333)    (93, 2.77778)    (94, 1.44444)    (197, 0.694444)    (242, -0.694444)   
row 92:   (38, 0.694444)    (39, 0.347222)    (41, -2.19645e-15)    (42, 0.694444)    (43, 4.30129e-15)    (44, 0.347222)    (45, 0.694444)    (54, 0.347222)    (55, 4.30129e-15)    (56, -6.25)    (57, 0.694444)    (58, 1.89106e-15)    (59, 1.79878e-15)    (60, -4.00091e-15)    (61, 0.347222)    (62, 0.694444)    (74, -0.694444)    (75, -0.0138889)    (77, -1.33333)    (78, -0.694444)    (79, -4.14425e-15)    (80, -0.347222)    (81, -0.694444)    (90, -0.0138889)    (91, -1.33333)    (92, 10.25)    (93, -0.694444)    (94, -2.01228e-15)    (95, -1.33333)    (96, -1.33333)    (97, -0.0138889)    (98, -0.694444)    (195, 0.347222)    (196, 0.694444)    (197, 0.347222)    (240, -0.0138889)    (241, -0.694444)    (242, -0.347222)   
row 93:   (54, 3.80609e-15)    (55, -2.77778)    (56, 0.694444)    (57, -5.55556)    (58, -2.77778)    (90, -0.666667)    (91, 2.77778)    (92, -0.694444)    (93, 8.22222)    (94, 1.44444)    (197, -1.09153e-15)    (242, -0.666667)   
row 94:   (54, 0.694444)    (55, -2.77778)    (56, 1.87718e-15)    (57, -2.77778)    (58, -11.1111)    (59, -2.77778)    (90, -0.694444)    (91, 1.44444)    (92, -2.05391e-15)    (93, 1.44444)    (94, 16.4444)    (95, 1.44444)    (195, 0.694444)    (196, -2.77778)    (197, 1.29779e-15)    (240, -0.694444)    (241, 1.44444)    (242, -1.36696e-15)   
row 95:   (56, 1.83349e-15)    (58, -2.77778)    (59, -11.1111)    (60, -2.77778)    (61, 0.694444)    (62, -2.77778)    (92, -1.33333)    (94, 1.44444)    (95, 16.4444)    (96, 2.77778)    (97, -0.694444)    (98, 1.44444)    (195, 8.07399e-16)    (196, -2.77778)    (197, 0.694444)    (240, -1.33333)    (241, 2.77778)    (242, -0.694444)   
row 96:   (43, -2.77778)    (44, 0.694444)    (45, -2.77778)    (56, -3.9015e-15)    (59, -2.77778)    (60, -11.1111)    (61, 4.28824e-15)    (62, -2.77778)    (79, 1.44444)    (80, -0.694444)    (81, 2.77778)    (92, -1.33333)    (95, 2.77778)    (96, 16.4444)    (97, -1.33333)    (98, 1.44444)    (195, 0.694444)    (240, -0.694444)   
row 97:   (43, 0.694444)    (44, 0.347222)    (45, -2.19645e-15)    (46, 0.694444)    (47, 4.30129e-15)    (48, 0.347222)    (49, 0.694444)    (56, 0.347222)    (59, 0.694444)    (60, 4.30129e-15)    (61, -6.25)    (62, 1.89106e-15)    (63, 1.79878e-15)    (64, -4.00091e-15)    (65, 0.347222)    (66, 0.694444)    (79, -0.694444)    (80, -0.0138889)    (81, -1.33333)    (82, -0.694444)    (83, -4.14425e-15)    (84, -0.347222)    (85, -0.694444)    (92, -0.0138889)    (95, -0.694444)    (96, -1.33333)    (97, 10.25)    (98, -2.01228e-15)    (99, -1.33333)    (100, -1.33333)    (101, -0.0138889)    (102, -0.694444)    (193, 0.347222)    (194, 0.694444)    (195, 0.347222)    (238, -0.0138889)    (239, -0.694444)    (240, -0.347222)   
row 98:   (56, 0.694444)    (59, -2.77778)    (60, -2.77778)    (61, 1.87718e-15)    (62, -11.1111)    (63, -2.77778)    (92, -0.694444)    (95, 1.44444)    (96, 1.44444)    (97, -2.05391e-15)    (98, 16.4444)    (99, 1.44444)    (193, 0.694444)    (194, -2.77778)    (195, 1.29779e-15)    (238, -0.694444)    (239, 1.44444)    (240, -1.36696e-15)   
row 99:   (61, 1.83349e-15)    (62, -2.77778)    (63, -11.1111)    (64, -2.77778)    (65, 0.694444)    (66, -2.77778)    (97, -1.33333)    (98, 1.44444)    (99, 16.4444)    (100, 2.77778)    (101, -0.694444)    (102, 1.44444)    (193, 8.07399e-16)    (194, -2.77778)    (195, 0.694444)    (238, -1.33333)    (239, 2.77778)    (240, -0.694444)   
row 100:   (47, -2.77778)    (48, 0.694444)    (49, -2.77778)    (61, -3.9015e-15)    (63, -2.77778)    (64, -11.1111)    (65, 4.28824e-15)    (66, -2.77778)    (83, 1.44444)    (84, -0.694444)    (85, 2.77778)    (97, -1.33333)    (99, 2.77778)    (100, 16.4444)    (101, -1.33333)    (102, 1.44444)    (193, 0.694444)    (238, -0.694444)   
row 101:   (47, 0.694444)    (48, 0.347222)    (49, -2.19645e-15)    (50, 0.694444)    (51, 4.30129e-15)    (52, 0.)    (53, 0.)    (61, 0.347222)    (63, 0.694444)    (64, 4.30129e-15)    (65, -6.25)    (66, 1.89106e-15)    (67, 1.79878e-15)    (68, -4.00091e-15)    (69, 0.)    (70, 0.694444)    (83, -0.694444)    (84, -0.0138889)    (85, -1.33333)    (86, -0.694444)    (87, -4.14425e-15)    (88, 0.)    (89, 0.)    (97, -0.0138889)    (99, -0.694444)    (100, -1.33333)    (101, 10.25)    (102, -2.01228e-15)    (103, -1.33333)    (104, -1.33333)    (105, 0.)    (106, -0.694444)    (191, 0.347222)    (192, 0.694444)    (193, 0.347222)    (236, -0.0138889)    (237, -0.694444)    (238, -0.347222)   
row 102:   (61, 0.694444)    (63, -2.77778)    (64, -2.77778)    (65, 1.87718e-15)    (66, -11.1111)    (67, -2.77778)    (97, -0.694444)    (99, 1.44444)    (100, 1.44444)    (101, -2.05391e-15)    (102, 16.4444)    (103, 1.44444)    (191, 0.694444)    (192, -2.77778)    (193, 1.29779e-15)    (236, -0.694444)    (237, 1.44444)    (238, -1.36696e-15)   
row 103:   (65, 1.83349e-15)    (66, -2.77778)    (67, -11.1111)    (68, -2.77778)    (69, 0.)    (70, -2.77778)    (101, -1.33333)    (102, 1.44444)    (103, 16.4444)    (104, 2.77778)    (105, 0.)    (106, 1.44444)    (191, 8.07399e-16)    (192, -2.77778)    (193, 0.694444)    (236, -1.33333)    (237, 2.77778)    (238, -0.694444)   
row 104:   (51, -2.77778)    (52, 0.)    (53, 0.)    (65, -3.9015e-15)    (67, -2.77778)    (68, -11.1111)    (69, 0.)    (70, -2.77778)    (87, 1.44444)    (88, 0.)    (89, 0.)    (101, -1.33333)    (103, 2.77778)    (104, 16.4444)    (105, 0.)    (106, 1.44444)    (191, 0.694444)    (236, -0.694444)   
row 105:   (51, 0.)    (52, 0.)    (53, 0.)    (65, 0.)    (67, 0.)    (68, 0.)    (69, 0.)    (70, 0.)    (71, 0.)    (87, 0.)    (88, 0.)    (89, 0.)    (101, 0.)    (103, 0.)    (104, 0.)    (105, 1.)    (106, 0.)    (107, 0.)    (189, 0.)    (190, 0.)    (191, 0.)    (234, 0.)    (235, 0.)    (236, 0.)   
row 106:   (65, 0.694444)    (67, -2.77778)    (68, -2.77778)    (69, 0.)    (70, -11.1111)    (71, 0.)    (101, -0.694444)    (103, 1.44444)    (104, 1.44444)    (105, 0.)    (106, 16.4444)    (107, 0.)    (189, 0.)    (190, -2.77778)    (191, 1.29779e-15)    (234, 0.)    (235, 1.44444)    (236, -1.36696e-15)   
row 107:   (69, 0.)    (70, 0.)    (71, 0.)    (105, 0.)    (106, 0.)    (107, 1.)    (189, 0.)    (190, 0.)    (191, 0.)    (234, 0.)    (235, 0.)    (236, 0.)   
row 108:   (108, 1.)    (109, 0.)    (110, 0.)    (111, 0.)    (112, 0.)    (113, 0.)   
row 109:   (108, 0.)    (109, 16.4444)    (110, 1.44444)    (111, 0.)    (112, 0.)    (113, -3.98119e-15)    (114, 1.44444)    (115, 1.44444)    (116, -0.694444)   
row 110:   (108, 0.)    (109, 1.44444)    (110, 8.22222)    (111, 0.)    (112, 0.)    (113, -0.666667)   
row 111:   (108, 0.)    (109, 0.)    (110, 0.)    (111, 1.)    (112, 0.)    (113, 0.)   
row 112:   (108, 0.)    (109, 0.)    (110, 0.)    (111, 0.)    (112, 1.)    (113, 0.)    (114, 0.)    (115, 0.)    (116, 0.)    (120, 0.)    (121, 0.)    (144, 0.)   
row 113:   (108, 0.)    (109, -4.14425e-15)    (110, -0.666667)    (111, 0.)    (112, 0.)    (113, 5.125)    (114, -0.694444)    (115, -1.33333)    (116, -0.0138889)    (117, -0.694444)    (118, -0.666667)    (119, -0.00694444)   
row 114:   (109, 1.44444)    (112, 0.)    (113, -0.694444)    (114, 16.4444)    (115, 2.77778)    (116, -1.33333)    (120, 0.)    (121, 1.44444)    (144, 0.)   
row 115:   (109, 1.44444)    (112, 0.)    (113, -1.33333)    (114, 2.77778)    (115, 16.4444)    (116, -1.33333)    (117, 1.44444)    (118, 2.77778)    (119, -0.694444)   
row 116:   (109, -0.694444)    (112, 0.)    (113, -0.0138889)    (114, -1.33333)    (115, -1.33333)    (116, 10.25)    (117, 4.04364e-15)    (118, -0.694444)    (119, -0.347222)    (120, 0.)    (121, 4.04364e-15)    (122, -1.33333)    (123, -0.694444)    (124, -0.0138889)    (125, -1.33333)    (129, -0.694444)    (144, 0.)    (145, -0.694444)    (146, -0.0138889)   
row 117:   (113, -0.694444)    (115, 1.44444)    (116, 4.02803e-15)    (117, 16.4444)    (118, 1.44444)    (119, -3.98119e-15)    (122, 1.44444)    (123, 1.44444)    (124, -0.694444)   
row 118:   (113, -0.666667)    (115, 2.77778)    (116, -0.694444)    (117, 1.44444)    (118, 8.22222)    (119, -0.666667)   
row 119:   (113, -0.00694444)    (115, -0.694444)    (116, -0.347222)    (117, -4.14425e-15)    (118, -0.666667)    (119, 5.125)    (122, -0.694444)    (123, -1.33333)    (124, -0.0138889)    (126, -0.694444)    (127, -0.666667)    (128, -0.00694444)   
row 120:   (112, 0.)    (114, 0.)    (116, 0.)    (120, 1.)    (121, 0.)    (144, 0.)   
row 121:   (112, 0.)    (114, 1.44444)    (116, 4.02803e-15)    (120, 0.)    (121, 16.4444)    (125, 1.44444)    (144, 0.)    (145, 1.44444)    (146, -0.694444)   
row 122:   (116, -1.33333)    (117, 1.44444)    (119, -0.694444)    (122, 16.4444)    (123, 2.77778)    (124, -1.33333)    (125, 2.77778)    (129, 1.44444)    (146, -0.694444)   
row 123:   (116, -0.694444)    (117, 1.44444)    (119, -1.33333)    (122, 2.77778)    (123, 16.4444)    (124, -1.33333)    (126, 1.44444)    (127, 2.77778)    (128, -0.694444)   
row 124:   (116, -0.0138889)    (117, -0.694444)    (119, -0.0138889)    (122, -1.33333)    (123, -1.33333)    (124, 10.25)    (125, -0.694444)    (126, 4.04364e-15)    (127, -0.694444)    (128, -0.347222)    (129, 4.04364e-15)    (130, -1.33333)    (131, -0.694444)    (132, -0.0138889)    (133, -1.33333)    (137, -0.694444)    (146, -0.347222)    (147, -0.694444)    (148, -0.0138889)   
row 125:   (116, -1.33333)    (121, 1.44444)    (122, 2.77778)    (124, -0.694444)    (125, 16.4444)    (129, 1.44444)    (144, 0.)    (145, 2.77778)    (146, -1.33333)   
row 126:   (119, -0.694444)    (123, 1.44444)    (124, 4.02803e-15)    (126, 16.4444)    (127, 1.44444)    (128, -3.98119e-15)    (130, 1.44444)    (131, 1.44444)    (132, -0.694444)   
row 127:   (119, -0.666667)    (123, 2.77778)    (124, -0.694444)    (126, 1.44444)    (127, 8.22222)    (128, -0.666667)   
row 128:   (119, -0.00694444)    (123, -0.694444)    (124, -0.347222)    (126, -4.14425e-15)    (127, -0.666667)    (128, 5.125)    (130, -0.694444)    (131, -1.33333)    (132, -0.0138889)    (134, -0.694444)    (135, -0.666667)    (136, -0.00694444)   
row 129:   (116, -0.694444)    (122, 1.44444)    (124, 4.02803e-15)    (125, 1.44444)    (129, 16.4444)    (133, 1.44444)    (146, -3.98119e-15)    (147, 1.44444)    (148, -0.694444)   
row 130:   (124, -1.33333)    (126, 1.44444)    (128, -0.694444)    (130, 16.4444)    (131, 2.77778)    (132, -1.33333)    (133, 2.77778)    (137, 1.44444)    (148, -0.694444)   
row 131:   (124, -0.694444)    (126, 1.44444)    (128, -1.33333)    (130, 2.77778)    (131, 16.4444)    (132, -1.33333)    (134, 1.44444)    (135, 2.77778)    (136, -0.694444)   
row 132:   (124, -0.0138889)    (126, -0.694444)    (128, -0.0138889)    (130, -1.33333)    (131, -1.33333)    (132, 10.25)    (133, -0.694444)    (134, 4.04364e-15)    (135, -0.694444)    (136, -0.347222)    (137, 4.04364e-15)    (138, -1.33333)    (139, -0.694444)    (140, -0.0138889)    (141, -1.33333)    (142, -0.694444)    (148, -0.347222)    (149, -0.694444)    (150, -0.0138889)   
row 133:   (124, -1.33333)    (129, 1.44444)    (130, 2.77778)    (132, -0.694444)    (133, 16.4444)    (137, 1.44444)    (146, -0.694444)    (147, 2.77778)    (148, -1.33333)   
row 134:   (128, -0.694444)    (131, 1.44444)    (132, 4.02803e-15)    (134, 16.4444)    (135, 1.44444)    (136, -3.98119e-15)    (138, 1.44444)    (139, 1.44444)    (140, -0.694444)   
row 135:   (128, -0.666667)    (131, 2.77778)    (132, -0.694444)    (134, 1.44444)    (135, 8.22222)    (136, -0.666667)   
row 136:   (128, -0.00694444)    (131, -0.694444)    (132, -0.347222)    (134, -4.14425e-15)    (135, -0.666667)    (136, 3.08333)    (138, -0.694444)    (139, -0.666667)    (140, -0.00694444)   
row 137:   (124, -0.694444)    (130, 1.44444)    (132, 4.02803e-15)    (133, 1.44444)    (137, 16.4444)    (141, 1.44444)    (148, -3.98119e-15)    (149, 1.44444)    (150, -0.694444)   
row 138:   (132, -1.33333)    (134, 1.44444)    (136, -0.694444)    (138, 16.4444)    (139, 2.77778)    (140, -1.33333)    (141, 2.77778)    (142, 1.44444)    (150, -0.694444)   
row 139:   (132, -0.694444)    (134, 1.44444)    (136, -0.666667)    (138, 2.77778)    (139, 8.22222)    (140, -0.666667)   
row 140:   (132, -0.0138889)    (134, -0.694444)    (136, -0.00694444)    (138, -1.33333)    (139, -0.666667)    (140, 5.125)    (141, -0.694444)    (142, 4.04364e-15)    (143, -0.666667)    (150, -0.347222)    (151, -0.694444)    (152, -0.00694444)   
row 141:   (132, -1.33333)    (137, 1.44444)    (138, 2.77778)    (140, -0.694444)    (141, 16.4444)    (142, 1.44444)    (148, -0.694444)    (149, 2.77778)    (150, -1.33333)   
row 142:   (132, -0.694444)    (138, 1.44444)    (140, 4.02803e-15)    (141, 1.44444)    (142, 16.4444)    (143, 1.44444)    (150, -3.98119e-15)    (151, 1.44444)    (152, -0.694444)   
row 143:   (140, -0.666667)    (142, 1.44444)    (143, 8.22222)    (150, -0.694444)    (151, 2.77778)    (152, -0.666667)   
row 144:   (33, 0.)    (34, 0.)    (35, 0.)    (112, 0.)    (114, 0.)    (116, 0.)    (120, 0.)    (121, 0.)    (125, 0.)    (144, 1.)    (145, 0.)    (146, 0.)   
row 145:   (33, 0.)    (34, 1.44444)    (35, 0.)    (116, -0.694444)    (121, 1.44444)    (125, 2.77778)    (144, 0.)    (145, 16.4444)    (146, -1.33333)   
row 146:   (29, -0.0138889)    (30, -0.694444)    (31, -1.33333)    (32, -0.694444)    (33, 0.)    (34, -1.5335e-15)    (35, 0.)    (116, -0.0138889)    (121, -0.694444)    (122, -0.694444)    (124, -0.347222)    (125, -1.33333)    (129, -4.14425e-15)    (133, -0.694444)    (144, 0.)    (145, -1.33333)    (146, 10.25)    (147, -1.33333)    (148, -0.0138889)   
row 147:   (29, -0.694444)    (30, 1.44444)    (31, 2.77778)    (124, -0.694444)    (129, 1.44444)    (133, 2.77778)    (146, -1.33333)    (147, 16.4444)    (148, -1.33333)   
row 148:   (25, -0.0138889)    (26, -0.694444)    (27, -1.33333)    (28, -0.694444)    (29, -0.347222)    (30, -1.5335e-15)    (31, -0.694444)    (124, -0.0138889)    (129, -0.694444)    (130, -0.694444)    (132, -0.347222)    (133, -1.33333)    (137, -4.14425e-15)    (141, -0.694444)    (146, -0.0138889)    (147, -1.33333)    (148, 10.25)    (149, -1.33333)    (150, -0.0138889)   
row 149:   (25, -0.694444)    (26, 1.44444)    (27, 2.77778)    (132, -0.694444)    (137, 1.44444)    (141, 2.77778)    (148, -1.33333)    (149, 16.4444)    (150, -1.33333)   
row 150:   (20, -0.0138889)    (22, -0.694444)    (23, -1.33333)    (24, -0.694444)    (25, -0.347222)    (26, -1.5335e-15)    (27, -0.694444)    (132, -0.0138889)    (137, -0.694444)    (138, -0.694444)    (140, -0.347222)    (141, -1.33333)    (142, -4.14425e-15)    (143, -0.694444)    (148, -0.0138889)    (149, -1.33333)    (150, 10.25)    (151, -1.33333)    (152, -0.0138889)   
row 151:   (20, -0.694444)    (22, 1.44444)    (23, 2.77778)    (140, -0.694444)    (142, 1.44444)    (143, 2.77778)    (150, -1.33333)    (151, 16.4444)    (152, -1.33333)   
row 152:   (18, -0.00694444)    (19, -0.694444)    (20, -0.347222)    (21, -0.666667)    (22, -1.5335e-15)    (23, -0.694444)    (140, -0.00694444)    (142, -0.694444)    (143, -0.666667)    (150, -0.0138889)    (151, -1.33333)    (152, 5.125)   
row 153:   (108, 0.)    (109, 0.)    (110, 0.)    (111, 0.)    (112, 0.)    (113, 0.)    (153, 1.)    (154, 0.)    (155, 0.)    (156, 0.)    (157, 0.)    (158, 0.)   
row 154:   (108, 0.)    (109, -11.1111)    (110, -2.77778)    (111, 0.)    (112, 0.)    (113, 4.28824e-15)    (114, -2.77778)    (115, -2.77778)    (116, 0.694444)    (153, 0.)    (154, 16.4444)    (155, 1.44444)    (156, 0.)    (157, 0.)    (158, -3.98119e-15)    (159, 1.44444)    (160, 1.44444)    (161, -0.694444)   
row 155:   (108, 0.)    (109, -2.77778)    (110, -5.55556)    (111, 0.)    (112, 0.)    (113, -1.09153e-15)    (153, 0.)    (154, 1.44444)    (155, 8.22222)    (156, 0.)    (157, 0.)    (158, -0.666667)   
row 156:   (108, 0.)    (109, 0.)    (110, 0.)    (111, 0.)    (112, 0.)    (113, 0.)    (153, 0.)    (154, 0.)    (155, 0.)    (156, 1.)    (157, 0.)    (158, 0.)   
row 157:   (108, 0.)    (109, 0.)    (110, 0.)    (111, 0.)    (112, 0.)    (113, 0.)    (114, 0.)    (115, 0.)    (116, 0.)    (120, 0.)    (121, 0.)    (144, 0.)    (153, 0.)    (154, 0.)    (155, 0.)    (156, 0.)    (157, 1.)    (158, 0.)    (159, 0.)    (160, 0.)    (161, 0.)    (165, 0.)    (166, 0.)    (189, 0.)   
row 158:   (108, 0.)    (109, 4.30129e-15)    (110, -1.09822e-15)    (111, 0.)    (112, 0.)    (113, -3.125)    (114, 0.694444)    (115, -4.00091e-15)    (116, 0.347222)    (117, 0.694444)    (118, 3.84538e-15)    (119, 0.173611)    (153, 0.)    (154, -4.14425e-15)    (155, -0.666667)    (156, 0.)    (157, 0.)    (158, 5.125)    (159, -0.694444)    (160, -1.33333)    (161, -0.0138889)    (162, -0.694444)    (163, -0.666667)    (164, -0.00694444)   
row 159:   (109, -2.77778)    (112, 0.)    (113, 0.694444)    (114, -11.1111)    (115, -2.77778)    (116, 8.07399e-16)    (120, 0.)    (121, -2.77778)    (144, 0.)    (154, 1.44444)    (157, 0.)    (158, -0.694444)    (159, 16.4444)    (160, 2.77778)    (161, -1.33333)    (165, 0.)    (166, 1.44444)    (189, 0.)   
row 160:   (109, -2.77778)    (112, 0.)    (113, -3.9015e-15)    (114, -2.77778)    (115, -11.1111)    (116, 4.28824e-15)    (117, -2.77778)    (118, -2.77778)    (119, 0.694444)    (154, 1.44444)    (157, 0.)    (158, -1.33333)    (159, 2.77778)    (160, 16.4444)    (161, -1.33333)    (162, 1.44444)    (163, 2.77778)    (164, -0.694444)   
row 161:   (109, 0.694444)    (112, 0.)    (113, 0.347222)    (114, 7.85046e-16)    (115, 4.30129e-15)    (116, -6.25)    (117, -4.00091e-15)    (118, 0.694444)    (119, 0.347222)    (120, 0.)    (121, -4.00091e-15)    (122, 1.79878e-15)    (123, 0.694444)    (124, 0.347222)    (125, 7.69075e-15)    (129, 0.694444)    (144, 0.)    (145, 0.694444)    (146, 0.347222)    (154, -0.694444)    (157, 0.)    (158, -0.0138889)    (159, -1.33333)    (160, -1.33333)    (161, 10.25)    (162, 4.04364e-15)    (163, -0.694444)    (164, -0.347222)    (165, 0.)    (166, 4.04364e-15)    (167, -1.33333)    (168, -0.694444)    (169, -0.0138889)    (170, -1.33333)    (174, -0.694444)    (189, 0.)    (190, -0.694444)    (191, -0.0138889)   
row 162:   (113, 0.694444)    (115, -2.77778)    (116, -3.9015e-15)    (117, -11.1111)    (118, -2.77778)    (119, 4.28824e-15)    (122, -2.77778)    (123, -2.77778)    (124, 0.694444)    (158, -0.694444)    (160, 1.44444)    (161, 4.02803e-15)    (162, 16.4444)    (163, 1.44444)    (164, -3.98119e-15)    (167, 1.44444)    (168, 1.44444)    (169, -0.694444)   
row 163:   (113, 3.80609e-15)    (115, -2.77778)    (116, 0.694444)    (117, -2.77778)    (118, -5.55556)    (119, -1.09153e-15)    (158, -0.666667)    (160, 2.77778)    (161, -0.694444)    (162, 1.44444)    (163, 8.22222)    (164, -0.666667)   
row 164:   (113, 0.173611)    (115, 0.694444)    (116, 0.347222)    (117, 4.30129e-15)    (118, -1.09822e-15)    (119, -3.125)    (122, 0.694444)    (123, -4.00091e-15)    (124, 0.347222)    (126, 0.694444)    (127, 3.84538e-15)    (128, 0.173611)    (158, -0.00694444)    (160, -0.694444)    (161, -0.347222)    (162, -4.14425e-15)    (163, -0.666667)    (164, 5.125)    (167, -0.694444)    (168, -1.33333)    (169, -0.0138889)    (171, -0.694444)    (172, -0.666667)    (173, -0.00694444)   
row 165:   (112, 0.)    (114, 0.)    (116, 0.)    (120, 0.)    (121, 0.)    (144, 0.)    (157, 0.)    (159, 0.)    (161, 0.)    (165, 1.)    (166, 0.)    (189, 0.)   
row 166:   (112, 0.)    (114, -2.77778)    (116, -3.9015e-15)    (120, 0.)    (121, -11.1111)    (125, -2.77778)    (144, 0.)    (145, -2.77778)    (146, 0.694444)    (157, 0.)    (159, 1.44444)    (161, 4.02803e-15)    (165, 0.)    (166, 16.4444)    (170, 1.44444)    (189, 0.)    (190, 1.44444)    (191, -0.694444)   
row 167:   (116, 1.83349e-15)    (117, -2.77778)    (119, 0.694444)    (122, -11.1111)    (123, -2.77778)    (124, 8.07399e-16)    (125, -2.77778)    (129, -2.77778)    (146, 0.694444)    (161, -1.33333)    (162, 1.44444)    (164, -0.694444)    (167, 16.4444)    (168, 2.77778)    (169, -1.33333)    (170, 2.77778)    (174, 1.44444)    (191, -0.694444)   
row 168:   (116, 0.694444)    (117, -2.77778)    (119, -3.9015e-15)    (122, -2.77778)    (123, -11.1111)    (124, 4.28824e-15)    (126, -2.77778)    (127, -2.77778)    (128, 0.694444)    (161, -0.694444)    (162, 1.44444)    (164, -1.33333)    (167, 2.77778)    (168, 16.4444)    (169, -1.33333)    (171, 1.44444)    (172, 2.77778)    (173, -0.694444)   
row 169:   (116, 0.347222)    (117, 0.694444)    (119, 0.347222)    (122, 7.85046e-16)    (123, 4.30129e-15)    (124, -6.25)    (125, 0.694444)    (126, -4.00091e-15)    (127, 0.694444)    (128, 0.347222)    (129, -4.00091e-15)    (130, 1.79878e-15)    (131, 0.694444)    (132, 0.347222)    (133, 7.69075e-15)    (137, 0.694444)    (146, 0.347222)    (147, 0.694444)    (148, 0.347222)    (161, -0.0138889)    (162, -0.694444)    (164, -0.0138889)    (167, -1.33333)    (168, -1.33333)    (169, 10.25)    (170, -0.694444)    (171, 4.04364e-15)    (172, -0.694444)    (173, -0.347222)    (174, 4.04364e-15)    (175, -1.33333)    (176, -0.694444)    (177, -0.0138889)    (178, -1.33333)    (182, -0.694444)    (191, -0.347222)    (192, -0.694444)    (193, -0.0138889)   
row 170:   (116, 7.61217e-15)    (121, -2.77778)    (122, -2.77778)    (124, 0.694444)    (125, -11.1111)    (129, -2.77778)    (144, 0.)    (145, -2.77778)    (146, -2.18306e-15)    (161, -1.33333)    (166, 1.44444)    (167, 2.77778)    (169, -0.694444)    (170, 16.4444)    (174, 1.44444)    (189, 0.)    (190, 2.77778)    (191, -1.33333)   
row 171:   (119, 0.694444)    (123, -2.77778)    (124, -3.9015e-15)    (126, -11.1111)    (127, -2.77778)    (128, 4.28824e-15)    (130, -2.77778)    (131, -2.77778)    (132, 0.694444)    (164, -0.694444)    (168, 1.44444)    (169, 4.02803e-15)    (171, 16.4444)    (172, 1.44444)    (173, -3.98119e-15)    (175, 1.44444)    (176, 1.44444)    (177, -0.694444)   
row 172:   (119, 3.80609e-15)    (123, -2.77778)    (124, 0.694444)    (126, -2.77778)    (127, -5.55556)    (128, -1.09153e-15)    (164, -0.666667)    (168, 2.77778)    (169, -0.694444)    (171, 1.44444)    (172, 8.22222)    (173, -0.666667)   
row 173:   (119, 0.173611)    (123, 0.694444)    (124, 0.347222)    (126, 4.30129e-15)    (127, -1.09822e-15)    (128, -3.125)    (130, 0.694444)    (131, -4.00091e-15)    (132, 0.347222)    (134, 0.694444)    (135, 3.84538e-15)    (136, 0.173611)    (164, -0.00694444)    (168, -0.694444)    (169, -0.347222)    (171, -4.14425e-15)    (172, -0.666667)    (173, 5.125)    (175, -0.694444)    (176, -1.33333)    (177, -0.0138889)    (179, -0.694444)    (180, -0.666667)    (181, -0.00694444)   
row 174:   (116, 0.694444)    (122, -2.77778)    (124, -3.9015e-15)    (125, -2.77778)    (129, -11.1111)    (133, -2.77778)    (146, 4.28824e-15)    (147, -2.77778)    (148, 0.694444)    (161, -0.694444)    (167, 1.44444)    (169, 4.02803e-15)    (170, 1.44444)    (174, 16.4444)    (178, 1.44444)    (191, -3.98119e-15)    (192, 1.44444)    (193, -0.694444)   
row 175:   (124, 1.83349e-15)    (126, -2.77778)    (128, 0.694444)    (130, -11.1111)    (131, -2.77778)    (132, 8.07399e-16)    (133, -2.77778)    (137, -2.77778)    (148, 0.694444)    (169, -1.33333)    (171, 1.44444)    (173, -0.694444)    (175, 16.4444)    (176, 2.77778)    (177, -1.33333)    (178, 2.77778)    (182, 1.44444)    (193, -0.694444)   
row 176:   (124, 0.694444)    (126, -2.77778)    (128, -3.9015e-15)    (130, -2.77778)    (131, -11.1111)    (132, 4.28824e-15)    (134, -2.77778)    (135, -2.77778)    (136, 0.694444)    (169, -0.694444)    (171, 1.44444)    (173, -1.33333)    (175, 2.77778)    (176, 16.4444)    (177, -1.33333)    (179, 1.44444)    (180, 2.77778)    (181, -0.694444)   
row 177:   (124, 0.347222)    (126, 0.694444)    (128, 0.347222)    (130, 7.85046e-16)    (131, 4.30129e-15)    (132, -6.25)    (133, 0.694444)    (134, -4.00091e-15)    (135, 0.694444)    (136, 0.347222)    (137, -4.00091e-15)    (138, 1.79878e-15)    (139, 0.694444)    (140, 0.347222)    (141, 7.69075e-15)    (142, 0.694444)    (148, 0.347222)    (149, 0.694444)    (150, 0.347222)    (169, -0.0138889)    (171, -0.694444)    (173, -0.0138889)    (175, -1.33333)    (176, -1.33333)    (177, 10.25)    (178, -0.694444)    (179, 4.04364e-15)    (180, -0.694444)    (181, -0.347222)    (182, 4.04364e-15)    (183, -1.33333)    (184, -0.694444)    (185, -0.0138889)    (186, -1.33333)    (187, -0.694444)    (193, -0.347222)    (194, -0.694444)    (195, -0.0138889)   
row 178:   (124, 7.61217e-15)    (129, -2.77778)    (130, -2.77778)    (132, 0.694444)    (133, -11.1111)    (137, -2.77778)    (146, 0.694444)    (147, -2.77778)    (148, -2.18306e-15)    (169, -1.33333)    (174, 1.44444)    (175, 2.77778)    (177, -0.694444)    (178, 16.4444)    (182, 1.44444)    (191, -0.694444)    (192, 2.77778)    (193, -1.33333)   
row 179:   (128, 0.694444)    (131, -2.77778)    (132, -3.9015e-15)    (134, -11.1111)    (135, -2.77778)    (136, 4.28824e-15)    (138, -2.77778)    (139, -2.77778)    (140, 0.694444)    (173, -0.694444)    (176, 1.44444)    (177, 4.02803e-15)    (179, 16.4444)    (180, 1.44444)    (181, -3.98119e-15)    (183, 1.44444)    (184, 1.44444)    (185, -0.694444)   
row 180:   (128, 3.80609e-15)    (131, -2.77778)    (132, 0.694444)    (134, -2.77778)    (135, -5.55556)    (136, -1.09153e-15)    (173, -0.666667)    (176, 2.77778)    (177, -0.694444)    (179, 1.44444)    (180, 8.22222)    (181, -0.666667)   
row 181:   (128, 0.173611)    (131, 0.694444)    (132, 0.347222)    (134, 4.30129e-15)    (135, -1.09822e-15)    (136, -2.08333)    (138, 0.694444)    (139, -1.95432e-15)    (140, 0.173611)    (173, -0.00694444)    (176, -0.694444)    (177, -0.347222)    (179, -4.14425e-15)    (180, -0.666667)    (181, 3.08333)    (183, -0.694444)    (184, -0.666667)    (185, -0.00694444)   
row 182:   (124, 0.694444)    (130, -2.77778)    (132, -3.9015e-15)    (133, -2.77778)    (137, -11.1111)    (141, -2.77778)    (148, 4.28824e-15)    (149, -2.77778)    (150, 0.694444)    (169, -0.694444)    (175, 1.44444)    (177, 4.02803e-15)    (178, 1.44444)    (182, 16.4444)    (186, 1.44444)    (193, -3.98119e-15)    (194, 1.44444)    (195, -0.694444)   
row 183:   (132, 1.83349e-15)    (134, -2.77778)    (136, 0.694444)    (138, -11.1111)    (139, -2.77778)    (140, 8.07399e-16)    (141, -2.77778)    (142, -2.77778)    (150, 0.694444)    (177, -1.33333)    (179, 1.44444)    (181, -0.694444)    (183, 16.4444)    (184, 2.77778)    (185, -1.33333)    (186, 2.77778)    (187, 1.44444)    (195, -0.694444)   
row 184:   (132, 0.694444)    (134, -2.77778)    (136, -1.9289e-15)    (138, -2.77778)    (139, -5.55556)    (140, 2.38932e-15)    (177, -0.694444)    (179, 1.44444)    (181, -0.666667)    (183, 2.77778)    (184, 8.22222)    (185, -0.666667)   
row 185:   (132, 0.347222)    (134, 0.694444)    (136, 0.173611)    (138, 7.85046e-16)    (139, 2.41802e-15)    (140, -3.125)    (141, 0.694444)    (142, -4.00091e-15)    (143, 3.84538e-15)    (150, 0.347222)    (151, 0.694444)    (152, 0.173611)    (177, -0.0138889)    (179, -0.694444)    (181, -0.00694444)    (183, -1.33333)    (184, -0.666667)    (185, 5.125)    (186, -0.694444)    (187, 4.04364e-15)    (188, -0.666667)    (195, -0.347222)    (196, -0.694444)    (197, -0.00694444)   
row 186:   (132, 7.61217e-15)    (137, -2.77778)    (138, -2.77778)    (140, 0.694444)    (141, -11.1111)    (142, -2.77778)    (148, 0.694444)    (149, -2.77778)    (150, -2.18306e-15)    (177, -1.33333)    (182, 1.44444)    (183, 2.77778)    (185, -0.694444)    (186, 16.4444)    (187, 1.44444)    (193, -0.694444)    (194, 2.77778)    (195, -1.33333)   
row 187:   (132, 0.694444)    (138, -2.77778)    (140, -3.9015e-15)    (141, -2.77778)    (142, -11.1111)    (143, -2.77778)    (150, 4.28824e-15)    (151, -2.77778)    (152, 0.694444)    (177, -0.694444)    (183, 1.44444)    (185, 4.02803e-15)    (186, 1.44444)    (187, 16.4444)    (188, 1.44444)    (195, -3.98119e-15)    (196, 1.44444)    (197, -0.694444)   
row 188:   (140, 3.80609e-15)    (142, -2.77778)    (143, -5.55556)    (150, 0.694444)    (151, -2.77778)    (152, -1.09153e-15)    (185, -0.666667)    (187, 1.44444)    (188, 8.22222)    (195, -0.694444)    (196, 2.77778)    (197, -0.666667)   
row 189:   (33, 0.)    (34, 0.)    (35, 0.)    (69, 0.)    (70, 0.)    (71, 0.)    (112, 0.)    (114, 0.)    (116, 0.)    (120, 0.)    (121, 0.)    (125, 0.)    (144, 0.)    (145, 0.)    (146, 0.)    (157, 0.)    (159, 0.)    (161, 0.)    (165, 0.)    (166, 0.)    (170, 0.)    (189, 1.)    (190, 0.)    (191, 0.)   
row 190:   (33, 0.)    (34, -2.77778)    (35, 0.)    (69, 0.)    (70, 1.44444)    (71, 0.)    (116, 0.694444)    (121, -2.77778)    (125, -2.77778)    (144, 0.)    (145, -11.1111)    (146, 4.77863e-15)    (161, -0.694444)    (166, 1.44444)    (170, 2.77778)    (189, 0.)    (190, 16.4444)    (191, -1.33333)   
row 191:   (29, 0.347222)    (30, 0.694444)    (31, 7.85046e-16)    (32, 0.694444)    (33, 0.)    (34, 1.3198e-15)    (35, 0.)    (65, -0.0138889)    (66, -0.694444)    (67, -1.33333)    (68, -0.694444)    (69, 0.)    (70, -1.5335e-15)    (71, 0.)    (116, 0.347222)    (121, 0.694444)    (122, 0.694444)    (124, 0.347222)    (125, -2.19645e-15)    (129, 4.30129e-15)    (133, 0.694444)    (144, 0.)    (145, 4.83604e-15)    (146, -6.25)    (147, -3.90864e-15)    (148, 0.347222)    (161, -0.0138889)    (166, -0.694444)    (167, -0.694444)    (169, -0.347222)    (170, -1.33333)    (174, -4.14425e-15)    (178, -0.694444)    (189, 0.)    (190, -1.33333)    (191, 10.25)    (192, -1.33333)    (193, -0.0138889)   
row 192:   (29, 0.694444)    (30, -2.77778)    (31, -2.77778)    (65, -0.694444)    (66, 1.44444)    (67, 2.77778)    (124, 0.694444)    (129, -2.77778)    (133, -2.77778)    (146, -3.85781e-15)    (147, -11.1111)    (148, 4.77863e-15)    (169, -0.694444)    (174, 1.44444)    (178, 2.77778)    (191, -1.33333)    (192, 16.4444)    (193, -1.33333)   
row 193:   (25, 0.347222)    (26, 0.694444)    (27, 7.85046e-16)    (28, 0.694444)    (29, 0.347222)    (30, 1.3198e-15)    (31, 0.694444)    (61, -0.0138889)    (62, -0.694444)    (63, -1.33333)    (64, -0.694444)    (65, -0.347222)    (66, -1.5335e-15)    (67, -0.694444)    (124, 0.347222)    (129, 0.694444)    (130, 0.694444)    (132, 0.347222)    (133, -2.19645e-15)    (137, 4.30129e-15)    (141, 0.694444)    (146, 0.347222)    (147, 4.83604e-15)    (148, -6.25)    (149, -3.90864e-15)    (150, 0.347222)    (169, -0.0138889)    (174, -0.694444)    (175, -0.694444)    (177, -0.347222)    (178, -1.33333)    (182, -4.14425e-15)    (186, -0.694444)    (191, -0.0138889)    (192, -1.33333)    (193, 10.25)    (194, -1.33333)    (195, -0.0138889)   
row 194:   (25, 0.694444)    (26, -2.77778)    (27, -2.77778)    (61, -0.694444)    (62, 1.44444)    (63, 2.77778)    (132, 0.694444)    (137, -2.77778)    (141, -2.77778)    (148, -3.85781e-15)    (149, -11.1111)    (150, 4.77863e-15)    (177, -0.694444)    (182, 1.44444)    (186, 2.77778)    (193, -1.33333)    (194, 16.4444)    (195, -1.33333)   
row 195:   (20, 0.347222)    (22, 0.694444)    (23, 7.85046e-16)    (24, 0.694444)    (25, 0.347222)    (26, 1.3198e-15)    (27, 0.694444)    (56, -0.0138889)    (58, -0.694444)    (59, -1.33333)    (60, -0.694444)    (61, -0.347222)    (62, -1.5335e-15)    (63, -0.694444)    (132, 0.347222)    (137, 0.694444)    (138, 0.694444)    (140, 0.347222)    (141, -2.19645e-15)    (142, 4.30129e-15)    (143, 0.694444)    (148, 0.347222)    (149, 4.83604e-15)    (150, -6.25)    (151, -3.90864e-15)    (152, 0.347222)    (177, -0.0138889)    (182, -0.694444)    (183, -0.694444)    (185, -0.347222)    (186, -1.33333)    (187, -4.14425e-15)    (188, -0.694444)    (193, -0.0138889)    (194, -1.33333)    (195, 10.25)    (196, -1.33333)    (197, -0.0138889)   
row 196:   (20, 0.694444)    (22, -2.77778)    (23, -2.77778)    (56, -0.694444)    (58, 1.44444)    (59, 2.77778)    (140, 0.694444)    (142, -2.77778)    (143, -2.77778)    (150, -3.85781e-15)    (151, -11.1111)    (152, 4.77863e-15)    (185, -0.694444)    (187, 1.44444)    (188, 2.77778)    (195, -1.33333)    (196, 16.4444)    (197, -1.33333)   
row 197:   (18, 0.173611)    (19, 0.694444)    (20, 0.347222)    (21, -1.09822e-15)    (22, 1.3198e-15)    (23, 0.694444)    (54, -0.00694444)    (55, -0.694444)    (56, -0.347222)    (57, -0.666667)    (58, -1.5335e-15)    (59, -0.694444)    (140, 0.173611)    (142, 0.694444)    (143, -1.09822e-15)    (150, 0.347222)    (151, 4.83604e-15)    (152, -3.125)    (185, -0.00694444)    (187, -0.694444)    (188, -0.666667)    (195, -0.0138889)    (196, -1.33333)    (197, 5.125)   
row 198:   (153, 0.)    (154, 0.)    (155, 0.)    (156, 0.)    (157, 0.)    (158, 0.)    (198, 1.)    (199, 0.)    (200, 0.)    (201, 0.)    (202, 0.)    (203, 0.)   
row 199:   (153, 0.)    (154, -11.1111)    (155, -2.77778)    (156, 0.)    (157, 0.)    (158, 4.28824e-15)    (159, -2.77778)    (160, -2.77778)    (161, 0.694444)    (198, 0.)    (199, 16.4444)    (200, 1.44444)    (201, 0.)    (202, 0.)    (203, -3.98119e-15)    (204, 1.44444)    (205, 1.44444)    (206, -0.694444)   
row 200:   (153, 0.)    (154, -2.77778)    (155, -5.55556)    (156, 0.)    (157, 0.)    (158, -1.09153e-15)    (198, 0.)    (199, 1.44444)    (200, 8.22222)    (201, 0.)    (202, 0.)    (203, -0.666667)   
row 201:   (153, 0.)    (154, 0.)    (155, 0.)    (156, 0.)    (157, 0.)    (158, 0.)    (198, 0.)    (199, 0.)    (200, 0.)    (201, 1.)    (202, 0.)    (203, 0.)   
row 202:   (153, 0.)    (154, 0.)    (155, 0.)    (156, 0.)    (157, 0.)    (158, 0.)    (159, 0.)    (160, 0.)    (161, 0.)    (165, 0.)    (166, 0.)    (189, 0.)    (198, 0.)    (199, 0.)    (200, 0.)    (201, 0.)    (202, 1.)    (203, 0.)    (204, 0.)    (205, 0.)    (206, 0.)    (210, 0.)    (211, 0.)    (234, 0.)   
row 203:   (153, 0.)    (154, 4.30129e-15)    (155, -1.09822e-15)    (156, 0.)    (157, 0.)    (158, -3.125)    (159, 0.694444)    (160, -4.00091e-15)    (161, 0.347222)    (162, 0.694444)    (163, 3.84538e-15)    (164, 0.173611)    (198, 0.)    (199, -4.14425e-15)    (200, -0.666667)    (201, 0.)    (202, 0.)    (203, 5.125)    (204, -0.694444)    (205, -1.33333)    (206, -0.0138889)    (207, -0.694444)    (208, -0.666667)    (209, -0.00694444)   
row 204:   (154, -2.77778)    (157, 0.)    (158, 0.694444)    (159, -11.1111)    (160, -2.77778)    (161, 8.07399e-16)    (165, 0.)    (166, -2.77778)    (189, 0.)    (199, 1.44444)    (202, 0.)    (203, -0.694444)    (204, 16.4444)    (205, 2.77778)    (206, -1.33333)    (210, 0.)    (211, 1.44444)    (234, 0.)   
row 205:   (154, -2.77778)    (157, 0.)    (158, -3.9015e-15)    (159, -2.77778)    (160, -11.1111)    (161, 4.28824e-15)    (162, -2.77778)    (163, -2.77778)    (164, 0.694444)    (199, 1.44444)    (202, 0.)    (203, -1.33333)    (204, 2.77778)    (205, 16.4444)    (206, -1.33333)    (207, 1.44444)    (208, 2.77778)    (209, -0.694444)   
row 206:   (154, 0.694444)    (157, 0.)    (158, 0.347222)    (159, 7.85046e-16)    (160, 4.30129e-15)    (161, -6.25)    (162, -4.00091e-15)    (163, 0.694444)    (164, 0.347222)    (165, 0.)    (166, -4.00091e-15)    (167, 1.79878e-15)    (168, 0.694444)    (169, 0.347222)    (170, 7.69075e-15)    (174, 0.694444)    (189, 0.)    (190, 0.694444)    (191, 0.347222)    (199, -0.694444)    (202, 0.)    (203, -0.0138889)    (204, -1.33333)    (205, -1.33333)    (206, 10.25)    (207, 4.04364e-15)    (208, -0.694444)    (209, -0.347222)    (210, 0.)    (211, 4.04364e-15)    (212, -1.33333)    (213, -0.694444)    (214, -0.0138889)    (215, -1.33333)    (219, -0.694444)    (234, 0.)    (235, -0.694444)    (236, -0.0138889)   
row 207:   (158, 0.694444)    (160, -2.77778)    (161, -3.9015e-15)    (162, -11.1111)    (163, -2.77778)    (164, 4.28824e-15)    (167, -2.77778)    (168, -2.77778)    (169, 0.694444)    (203, -0.694444)    (205, 1.44444)    (206, 4.02803e-15)    (207, 16.4444)    (208, 1.44444)    (209, -3.98119e-15)    (212, 1.44444)    (213, 1.44444)    (214, -0.694444)   
row 208:   (158, 3.80609e-15)    (160, -2.77778)    (161, 0.694444)    (162, -2.77778)    (163, -5.55556)    (164, -1.09153e-15)    (203, -0.666667)    (205, 2.77778)    (206, -0.694444)    (207, 1.44444)    (208, 8.22222)    (209, -0.666667)   
row 209:   (158, 0.173611)    (160, 0.694444)    (161, 0.347222)    (162, 4.30129e-15)    (163, -1.09822e-15)    (164, -3.125)    (167, 0.694444)    (168, -4.00091e-15)    (169, 0.347222)    (171, 0.694444)    (172, 3.84538e-15)    (173, 0.173611)    (203, -0.00694444)    (205, -0.694444)    (206, -0.347222)    (207, -4.14425e-15)    (208, -0.666667)    (209, 5.125)    (212, -0.694444)    (213, -1.33333)    (214, -0.0138889)    (216, -0.694444)    (217, -0.666667)    (218, -0.00694444)   
row 210:   (157, 0.)    (159, 0.)    (161, 0.)    (165, 0.)    (166, 0.)    (189, 0.)    (202, 0.)    (204, 0.)    (206, 0.)    (210, 1.)    (211, 0.)    (234, 0.)   
row 211:   (157, 0.)    (159, -2.77778)    (161, -3.9015e-15)    (165, 0.)    (166, -11.1111)    (170, -2.77778)    (189, 0.)    (190, -2.77778)    (191, 0.694444)    (202, 0.)    (204, 1.44444)    (206, 4.02803e-15)    (210, 0.)    (211, 16.4444)    (215, 1.44444)    (234, 0.)    (235, 1.44444)    (236, -0.694444)   
row 212:   (161, 1.83349e-15)    (162, -2.77778)    (164, 0.694444)    (167, -11.1111)    (168, -2.77778)    (169, 8.07399e-16)    (170, -2.77778)    (174, -2.77778)    (191, 0.694444)    (206, -1.33333)    (207, 1.44444)    (209, -0.694444)    (212, 16.4444)    (213, 2.77778)    (214, -1.33333)    (215, 2.77778)    (219, 1.44444)    (236, -0.694444)   
row 213:   (161, 0.694444)    (162, -2.77778)    (164, -3.9015e-15)    (167, -2.77778)    (168, -11.1111)    (169, 4.28824e-15)    (171, -2.77778)    (172, -2.77778)    (173, 0.694444)    (206, -0.694444)    (207, 1.44444)    (209, -1.33333)    (212, 2.77778)    (213, 16.4444)    (214, -1.33333)    (216, 1.44444)    (217, 2.77778)    (218, -0.694444)   
row 214:   (161, 0.347222)    (162, 0.694444)    (164, 0.347222)    (167, 7.85046e-16)    (168, 4.30129e-15)    (169, -6.25)    (170, 0.694444)    (171, -4.00091e-15)    (172, 0.694444)    (173, 0.347222)    (174, -4.00091e-15)    (175, 1.79878e-15)    (176, 0.694444)    (177, 0.347222)    (178, 7.69075e-15)    (182, 0.694444)    (191, 0.347222)    (192, 0.694444)    (193, 0.347222)    (206, -0.0138889)    (207, -0.694444)    (209, -0.0138889)    (212, -1.33333)    (213, -1.33333)    (214, 10.25)    (215, -0.694444)    (216, 4.04364e-15)    (217, -0.694444)    (218, -0.347222)    (219, 4.04364e-15)    (220, -1.33333)    (221, -0.694444)    (222, -0.0138889)    (223, -1.33333)    (227, -0.694444)    (236, -0.347222)    (237, -0.694444)    (238, -0.0138889)   
row 215:   (161, 7.61217e-15)    (166, -2.77778)    (167, -2.77778)    (169, 0.694444)    (170, -11.1111)    (174, -2.77778)    (189, 0.)    (190, -2.77778)    (191, -2.18306e-15)    (206, -1.33333)    (211, 1.44444)    (212, 2.77778)    (214, -0.694444)    (215, 16.4444)    (219, 1.44444)    (234, 0.)    (235, 2.77778)    (236, -1.33333)   
row 216:   (164, 0.694444)    (168, -2.77778)    (169, -3.9015e-15)    (171, -11.1111)    (172, -2.77778)    (173, 4.28824e-15)    (175, -2.77778)    (176, -2.77778)    (177, 0.694444)    (209, -0.694444)    (213, 1.44444)    (214, 4.02803e-15)    (216, 16.4444)    (217, 1.44444)    (218, -3.98119e-15)    (220, 1.44444)    (221, 1.44444)    (222, -0.694444)   
row 217:   (164, 3.80609e-15)    (168, -2.77778)    (169, 0.694444)    (171, -2.77778)    (172, -5.55556)    (173, -1.09153e-15)    (209, -0.666667)    (213, 2.77778)    (214, -0.694444)    (216, 1.44444)    (217, 8.22222)    (218, -0.666667)   
row 218:   (164, 0.173611)    (168, 0.694444)    (169, 0.347222)    (171, 4.30129e-15)    (172, -1.09822e-15)    (173, -3.125)    (175, 0.694444)    (176, -4.00091e-15)    (177, 0.347222)    (179, 0.694444)    (180, 3.84538e-15)    (181, 0.173611)    (209, -0.00694444)    (213, -0.694444)    (214, -0.347222)    (216, -4.14425e-15)    (217, -0.666667)    (218, 5.125)    (220, -0.694444)    (221, -1.33333)    (222, -0.0138889)    (224, -0.694444)    (225, -0.666667)    (226, -0.00694444)   
row 219:   (161, 0.694444)    (167, -2.77778)    (169, -3.9015e-15)    (170, -2.77778)    (174, -11.1111)    (178, -2.77778)    (191, 4.28824e-15)    (192, -2.77778)    (193, 0.694444)    (206, -0.694444)    (212, 1.44444)    (214, 4.02803e-15)    (215, 1.44444)    (219, 16.4444)    (223, 1.44444)    (236, -3.98119e-15)    (237, 1.44444)    (238, -0.694444)   
row 220:   (169, 1.83349e-15)    (171, -2.77778)    (173, 0.694444)    (175, -11.1111)    (176, -2.77778)    (177, 8.07399e-16)    (178, -2.77778)    (182, -2.77778)    (193, 0.694444)    (214, -1.33333)    (216, 1.44444)    (218, -0.694444)    (220, 16.4444)    (221, 2.77778)    (222, -1.33333)    (223, 2.77778)    (227, 1.44444)    (238, -0.694444)   
row 221:   (169, 0.694444)    (171, -2.77778)    (173, -3.9015e-15)    (175, -2.77778)    (176, -11.1111)    (177, 4.28824e-15)    (179, -2.77778)    (180, -2.77778)    (181, 0.694444)    (214, -0.694444)    (216, 1.44444)    (218, -1.33333)    (220, 2.77778)    (221, 16.4444)    (222, -1.33333)    (224, 1.44444)    (225, 2.77778)    (226, -0.694444)   
row 222:   (169, 0.347222)    (171, 0.694444)    (173, 0.347222)    (175, 7.85046e-16)    (176, 4.30129e-15)    (177, -6.25)    (178, 0.694444)    (179, -4.00091e-15)    (180, 0.694444)    (181, 0.347222)    (182, -4.00091e-15)    (183, 1.79878e-15)    (184, 0.694444)    (185, 0.347222)    (186, 7.69075e-15)    (187, 0.694444)    (193, 0.347222)    (194, 0.694444)    (195, 0.347222)    (214, -0.0138889)    (216, -0.694444)    (218, -0.0138889)    (220, -1.33333)    (221, -1.33333)    (222, 10.25)    (223, -0.694444)    (224, 4.04364e-15)    (225, -0.694444)    (226, -0.347222)    (227, 4.04364e-15)    (228, -1.33333)    (229, -0.694444)    (230, -0.0138889)    (231, -1.33333)    (232, -0.694444)    (238, -0.347222)    (239, -0.694444)    (240, -0.0138889)   
row 223:   (169, 7.61217e-15)    (174, -2.77778)    (175, -2.77778)    (177, 0.694444)    (178, -11.1111)    (182, -2.77778)    (191, 0.694444)    (192, -2.77778)    (193, -2.18306e-15)    (214, -1.33333)    (219, 1.44444)    (220, 2.77778)    (222, -0.694444)    (223, 16.4444)    (227, 1.44444)    (236, -0.694444)    (237, 2.77778)    (238, -1.33333)   
row 224:   (173, 0.694444)    (176, -2.77778)    (177, -3.9015e-15)    (179, -11.1111)    (180, -2.77778)    (181, 4.28824e-15)    (183, -2.77778)    (184, -2.77778)    (185, 0.694444)    (218, -0.694444)    (221, 1.44444)    (222, 4.02803e-15)    (224, 16.4444)    (225, 1.44444)    (226, -3.98119e-15)    (228, 1.44444)    (229, 1.44444)    (230, -0.694444)   
row 225:   (173, 3.80609e-15)    (176, -2.77778)    (177, 0.694444)    (179, -2.77778)    (180, -5.55556)    (181, -1.09153e-15)    (218, -0.666667)    (221, 2.77778)    (222, -0.694444)    (224, 1.44444)    (225, 8.22222)    (226, -0.666667)   
row 226:   (173, 0.173611)    (176, 0.694444)    (177, 0.347222)    (179, 4.30129e-15)    (180, -1.09822e-15)    (181, -2.08333)    (183, 0.694444)    (184, -1.95432e-15)    (185, 0.173611)    (218, -0.00694444)    (221, -0.694444)    (222, -0.347222)    (224, -4.14425e-15)    (225, -0.666667)    (226, 3.08333)    (228, -0.694444)    (229, -0.666667)    (230, -0.00694444)   
row 227:   (169, 0.694444)    (175, -2.77778)    (177, -3.9015e-15)    (178, -2.77778)    (182, -11.1111)    (186, -2.77778)    (193, 4.28824e-15)    (194, -2.77778)    (195, 0.694444)    (214, -0.694444)    (220, 1.44444)    (222, 4.02803e-15)    (223, 1.44444)    (227, 16.4444)    (231, 1.44444)    (238, -3.98119e-15)    (239, 1.44444)    (240, -0.694444)   
row 228:   (177, 1.83349e-15)    (179, -2.77778)    (181, 0.694444)    (183, -11.1111)    (184, -2.77778)    (185, 8.07399e-16)    (186, -2.77778)    (187, -2.77778)    (195, 0.694444)    (222, -1.33333)    (224, 1.44444)    (226, -0.694444)    (228, 16.4444)    (229, 2.77778)    (230, -1.33333)    (231, 2.77778)    (232, 1.44444)    (240, -0.694444)   
row 229:   (177, 0.694444)    (179, -2.77778)    (181, -1.9289e-15)    (183, -2.77778)    (184, -5.55556)    (185, 2.38932e-15)    (222, -0.694444)    (224, 1.44444)    (226, -0.666667)    (228, 2.77778)    (229, 8.22222)    (230, -0.666667)   
row 230:   (177, 0.347222)    (179, 0.694444)    (181, 0.173611)    (183, 7.85046e-16)    (184, 2.41802e-15)    (185, -3.125)    (186, 0.694444)    (187, -4.00091e-15)    (188, 3.84538e-15)    (195, 0.347222)    (196, 0.694444)    (197, 0.173611)    (222, -0.0138889)    (224, -0.694444)    (226, -0.00694444)    (228, -1.33333)    (229, -0.666667)    (230, 5.125)    (231, -0.694444)    (232, 4.04364e-15)    (233, -0.666667)    (240, -0.347222)    (241, -0.694444)    (242, -0.00694444)   
row 231:   (177, 7.61217e-15)    (182, -2.77778)    (183, -2.77778)    (185, 0.694444)    (186, -11.1111)    (187, -2.77778)    (193, 0.694444)    (194, -2.77778)    (195, -2.18306e-15)    (222, -1.33333)    (227, 1.44444)    (228, 2.77778)    (230, -0.694444)    (231, 16.4444)    (232, 1.44444)    (238, -0.694444)    (239, 2.77778)    (240, -1.33333)   
row 232:   (177, 0.694444)    (183, -2.77778)    (185, -3.9015e-15)    (186, -2.77778)    (187, -11.1111)    (188, -2.77778)    (195, 4.28824e-15)    (196, -2.77778)    (197, 0.694444)    (222, -0.694444)    (228, 1.44444)    (230, 4.02803e-15)    (231, 1.44444)    (232, 16.4444)    (233, 1.44444)    (240, -3.98119e-15)    (241, 1.44444)    (242, -0.694444)   
row 233:   (185, 3.80609e-15)    (187, -2.77778)    (188, -5.55556)    (195, 0.694444)    (196, -2.77778)    (197, -1.09153e-15)    (230, -0.666667)    (232, 1.44444)    (233, 8.22222)    (240, -0.694444)    (241, 2.77778)    (242, -0.666667)   
row 234:   (69, 0.)    (70, 0.)    (71, 0.)    (105, 0.)    (106, 0.)    (107, 0.)    (157, 0.)    (159, 0.)    (161, 0.)    (165, 0.)    (166, 0.)    (170, 0.)    (189, 0.)    (190, 0.)    (191, 0.)    (202, 0.)    (204, 0.)    (206, 0.)    (210, 0.)    (211, 0.)    (215, 0.)    (234, 1.)    (235, 0.)    (236, 0.)   
row 235:   (69, 0.)    (70, -2.77778)    (71, 0.)    (105, 0.)    (106, 1.44444)    (107, 0.)    (161, 0.694444)    (166, -2.77778)    (170, -2.77778)    (189, 0.)    (190, -11.1111)    (191, 4.77863e-15)    (206, -0.694444)    (211, 1.44444)    (215, 2.77778)    (234, 0.)    (235, 16.4444)    (236, -1.33333)   
row 236:   (65, 0.347222)    (66, 0.694444)    (67, 7.85046e-16)    (68, 0.694444)    (69, 0.)    (70, 1.3198e-15)    (71, 0.)    (101, -0.0138889)    (102, -0.694444)    (103, -1.33333)    (104, -0.694444)    (105, 0.)    (106, -1.5335e-15)    (107, 0.)    (161, 0.347222)    (166, 0.694444)    (167, 0.694444)    (169, 0.347222)    (170, -2.19645e-15)    (174, 4.30129e-15)    (178, 0.694444)    (189, 0.)    (190, 4.83604e-15)    (191, -6.25)    (192, -3.90864e-15)    (193, 0.347222)    (206, -0.0138889)    (211, -0.694444)    (212, -0.694444)    (214, -0.347222)    (215, -1.33333)    (219, -4.14425e-15)    (223, -0.694444)    (234, 0.)    (235, -1.33333)    (236, 10.25)    (237, -1.33333)    (238, -0.0138889)   
row 237:   (65, 0.694444)    (66, -2.77778)    (67, -2.77778)    (101, -0.694444)    (102, 1.44444)    (103, 2.77778)    (169, 0.694444)    (174, -2.77778)    (178, -2.77778)    (191, -3.85781e-15)    (192, -11.1111)    (193, 4.77863e-15)    (214, -0.694444)    (219, 1.44444)    (223, 2.77778)    (236, -1.33333)    (237, 16.4444)    (238, -1.33333)   
row 238:   (61, 0.347222)    (62, 0.694444)    (63, 7.85046e-16)    (64, 0.694444)    (65, 0.347222)    (66, 1.3198e-15)    (67, 0.694444)    (97, -0.0138889)    (98, -0.694444)    (99, -1.33333)    (100, -0.694444)    (101, -0.347222)    (102, -1.5335e-15)    (103, -0.694444)    (169, 0.347222)    (174, 0.694444)    (175, 0.694444)    (177, 0.347222)    (178, -2.19645e-15)    (182, 4.30129e-15)    (186, 0.694444)    (191, 0.347222)    (192, 4.83604e-15)    (193, -6.25)    (194, -3.90864e-15)    (195, 0.347222)    (214, -0.0138889)    (219, -0.694444)    (220, -0.694444)    (222, -0.347222)    (223, -1.33333)    (227, -4.14425e-15)    (231, -0.694444)    (236, -0.0138889)    (237, -1.33333)    (238, 10.25)    (239, -1.33333)    (240, -0.0138889)   
row 239:   (61, 0.694444)    (62, -2.77778)    (63, -2.77778)    (97, -0.694444)    (98, 1.44444)    (99, 2.77778)    (177, 0.694444)    (182, -2.77778)    (186, -2.77778)    (193, -3.85781e-15)    (194, -11.1111)    (195, 4.77863e-15)    (222, -0.694444)    (227, 1.44444)    (231, 2.77778)    (238, -1.33333)    (239, 16.4444)    (240, -1.33333)   
row 240:   (56, 0.347222)    (58, 0.694444)    (59, 7.85046e-16)    (60, 0.694444)    (61, 0.347222)    (62, 1.3198e-15)    (63, 0.694444)    (92, -0.0138889)    (94, -0.694444)    (95, -1.33333)    (96, -0.694444)    (97, -0.347222)    (98, -1.5335e-15)    (99, -0.694444)    (177, 0.347222)    (182, 0.694444)    (183, 0.694444)    (185, 0.347222)    (186, -2.19645e-15)    (187, 4.30129e-15)    (188, 0.694444)    (193, 0.347222)    (194, 4.83604e-15)    (195, -6.25)    (196, -3.90864e-15)    (197, 0.347222)    (222, -0.0138889)    (227, -0.694444)    (228, -0.694444)    (230, -0.347222)    (231, -1.33333)    (232, -4.14425e-15)    (233, -0.694444)    (238, -0.0138889)    (239, -1.33333)    (240, 10.25)    (241, -1.33333)    (242, -0.0138889)   
row 241:   (56, 0.694444)    (58, -2.77778)    (59, -2.77778)    (92, -0.694444)    (94, 1.44444)    (95, 2.77778)    (185, 0.694444)    (187, -2.77778)    (188, -2.77778)    (195, -3.85781e-15)    (196, -11.1111)    (197, 4.77863e-15)    (230, -0.694444)    (232, 1.44444)    (233, 2.77778)    (240, -1.33333)    (241, 16.4444)    (242, -1.33333)   
row 242:   (54, 0.173611)    (55, 0.694444)    (56, 0.347222)    (57, -1.09822e-15)    (58, 1.3198e-15)    (59, 0.694444)    (90, -0.00694444)    (91, -0.694444)    (92, -0.347222)    (93, -0.666667)    (94, -1.5335e-15)    (95, -0.694444)    (185, 0.173611)    (187, 0.694444)    (188, -1.09822e-15)    (195, 0.347222)    (196, 4.83604e-15)    (197, -3.125)    (230, -0.00694444)    (232, -0.694444)    (233, -0.666667)    (240, -0.0138889)    (241, -1.33333)    (242, 5.125)   
row 0:   (0, 8.22222)    (1, 2.77778)    (2, 1.44444)    (3, -0.666667)    (4, -0.666667)    (18, -0.694444)   
row 1:   (0, 2.77778)    (1, 8.22222)    (2, 1.44444)    (3, -0.694444)    (4, -0.666667)    (18, -0.666667)   
row 2:   (0, 1.44444)    (1, 1.44444)    (2, 16.4444)    (3, -1.71738e-15)    (4, -0.694444)    (5, 1.44444)    (18, -2.96638e-16)    (19, 1.44444)    (20, -0.694444)   
row 3:   (0, -0.666667)    (1, -0.694444)    (2, -1.60462e-15)    (3, 5.125)    (4, -0.00694444)    (5, -1.33333)    (6, -0.666667)    (7, -0.694444)    (8, -0.00694444)    (18, -0.347222)    (19, -0.694444)    (20, -0.0138889)   
row 4:   (0, -0.666667)    (1, -0.666667)    (2, -0.694444)    (3, -0.00694444)    (4, 2.04167)    (18, -0.00694444)   
row 5:   (2, 1.44444)    (3, -1.33333)    (5, 16.4444)    (6, 2.77778)    (7, 1.44444)    (8, -0.694444)    (18, -0.694444)    (19, 2.77778)    (20, -1.33333)   
row 6:   (3, -0.666667)    (5, 2.77778)    (6, 8.22222)    (7, 1.44444)    (8, -0.666667)    (20, -0.694444)   
row 7:   (3, -0.694444)    (5, 1.44444)    (6, 1.44444)    (7, 16.4444)    (8, 4.02803e-15)    (9, 1.44444)    (20, -3.98119e-15)    (24, 1.44444)    (25, -0.694444)   
row 8:   (3, -0.00694444)    (5, -0.694444)    (6, -0.666667)    (7, 4.04364e-15)    (8, 5.125)    (9, -1.33333)    (10, -0.666667)    (11, -0.694444)    (12, -0.00694444)    (20, -0.347222)    (24, -0.694444)    (25, -0.0138889)   
row 9:   (7, 1.44444)    (8, -1.33333)    (9, 16.4444)    (10, 2.77778)    (11, 1.44444)    (12, -0.694444)    (20, -0.694444)    (24, 2.77778)    (25, -1.33333)   
row 10:   (8, -0.666667)    (9, 2.77778)    (10, 8.22222)    (11, 1.44444)    (12, -0.666667)    (25, -0.694444)   
row 11:   (8, -0.694444)    (9, 1.44444)    (10, 1.44444)    (11, 16.4444)    (12, 4.02803e-15)    (13, 1.44444)    (25, -3.98119e-15)    (28, 1.44444)    (29, -0.694444)   
row 12:   (8, -0.00694444)    (9, -0.694444)    (10, -0.666667)    (11, 4.04364e-15)    (12, 5.125)    (13, -1.33333)    (14, -0.666667)    (15, -0.694444)    (16, 0.)    (25, -0.347222)    (28, -0.694444)    (29, -0.0138889)   
row 13:   (11, 1.44444)    (12, -1.33333)    (13, 16.4444)    (14, 2.77778)    (15, 1.44444)    (16, 0.)    (25, -0.694444)    (28, 2.77778)    (29, -1.33333)   
row 14:   (12, -0.666667)    (13, 2.77778)    (14, 8.22222)    (15, 1.44444)    (16, 0.)    (29, -0.694444)   
row 15:   (12, -0.694444)    (13, 1.44444)    (14, 1.44444)    (15, 16.4444)    (16, 0.)    (17, 0.)    (29, -3.98119e-15)    (32, 1.44444)    (33, 0.)   
row 16:   (12, 0.)    (13, 0.)    (14, 0.)    (15, 0.)    (16, 1.)    (17, 0.)    (29, 0.)    (32, 0.)    (33, 0.)   
row 17:   (15, 0.)    (16, 0.)    (17, 1.)    (29, 0.)    (32, 0.)    (33, 0.)   
row 18:   (0, -0.694444)    (1, -0.666667)    (2, -3.48679e-16)    (3, -0.347222)    (4, -0.00694444)    (5, -0.694444)    (18, 5.125)    (19, -1.33333)    (20, -0.0138889)    (21, -0.666667)    (22, -0.694444)    (152, -0.00694444)   
row 19:   (2, 1.44444)    (3, -0.694444)    (5, 2.77778)    (18, -1.33333)    (19, 16.4444)    (20, -1.33333)    (21, 2.77778)    (22, 1.44444)    (152, -0.694444)   
row 20:   (2, -0.694444)    (3, -0.0138889)    (5, -1.33333)    (6, -0.694444)    (7, -4.14425e-15)    (8, -0.347222)    (9, -0.694444)    (18, -0.0138889)    (19, -1.33333)    (20, 10.25)    (21, -0.694444)    (22, -2.01228e-15)    (23, -1.33333)    (24, -1.33333)    (25, -0.0138889)    (26, -0.694444)    (150, -0.0138889)    (151, -0.694444)    (152, -0.347222)   
row 21:   (18, -0.666667)    (19, 2.77778)    (20, -0.694444)    (21, 8.22222)    (22, 1.44444)    (152, -0.666667)   
row 22:   (18, -0.694444)    (19, 1.44444)    (20, -2.05391e-15)    (21, 1.44444)    (22, 16.4444)    (23, 1.44444)    (150, -0.694444)    (151, 1.44444)    (152, -1.36696e-15)   
row 23:   (20, -1.33333)    (22, 1.44444)    (23, 16.4444)    (24, 2.77778)    (25, -0.694444)    (26, 1.44444)    (150, -1.33333)    (151, 2.77778)    (152, -0.694444)   
row 24:   (7, 1.44444)    (8, -0.694444)    (9, 2.77778)    (20, -1.33333)    (23, 2.77778)    (24, 16.4444)    (25, -1.33333)    (26, 1.44444)    (150, -0.694444)   
row 25:   (7, -0.694444)    (8, -0.0138889)    (9, -1.33333)    (10, -0.694444)    (11, -4.14425e-15)    (12, -0.347222)    (13, -0.694444)    (20, -0.0138889)    (23, -0.694444)    (24, -1.33333)    (25, 10.25)    (26, -2.01228e-15)    (27, -1.33333)    (28, -1.33333)    (29, -0.0138889)    (30, -0.694444)    (148, -0.0138889)    (149, -0.694444)    (150, -0.347222)   
row 26:   (20, -0.694444)    (23, 1.44444)    (24, 1.44444)    (25, -2.05391e-15)    (26, 16.4444)    (27, 1.44444)    (148, -0.694444)    (149, 1.44444)    (150, -1.36696e-15)   
row 27:   (25, -1.33333)    (26, 1.44444)    (27, 16.4444)    (28, 2.77778)    (29, -0.694444)    (30, 1.44444)    (148, -1.33333)    (149, 2.77778)    (150, -0.694444)   
row 28:   (11, 1.44444)    (12, -0.694444)    (13, 2.77778)    (25, -1.33333)    (27, 2.77778)    (28, 16.4444)    (29, -1.33333)    (30, 1.44444)    (148, -0.694444)   
row 29:   (11, -0.694444)    (12, -0.0138889)    (13, -1.33333)    (14, -0.694444)    (15, -4.14425e-15)    (16, 0.)    (17, 0.)    (25, -0.0138889)    (27, -0.694444)    (28, -1.33333)    (29, 10.25)    (30, -2.01228e-15)    (31, -1.33333)    (32, -1.33333)    (33, 0.)    (34, -0.694444)    (146, -0.0138889)    (147, -0.694444)    (148, -0.347222)   
row 30:   (25, -0.694444)    (27, 1.44444)    (28, 1.44444)    (29, -2.05391e-15)    (30, 16.4444)    (31, 1.44444)    (146, -0.694444)    (147, 1.44444)    (148, -1.36696e-15)   
row 31:   (29, -1.33333)    (30, 1.44444)    (31, 16.4444)    (32, 2.77778)    (33, 0.)    (34, 1.44444)    (146, -1.33333)    (147, 2.77778)    (148, -0.694444)   
row 32:   (15, 1.44444)    (16, 0.)    (17, 0.)    (29, -1.33333)    (31, 2.77778)    (32, 16.4444)    (33, 0.)    (34, 1.44444)    (146, -0.694444)   
row 33:   (15, 0.)    (16, 0.)    (17, 0.)    (29, 0.)    (31, 0.)    (32, 0.)    (33, 1.)    (34, 0.)    (35, 0.)    (144, 0.)    (145, 0.)    (146, 0.)   
row 34:   (29, -0.694444)    (31, 1.44444)    (32, 1.44444)    (33, 0.)    (34, 16.4444)    (35, 0.)    (144, 0.)    (145, 1.44444)    (146, -1.36696e-15)   
row 35:   (33, 0.)    (34, 0.)    (35, 1.)    (144, 0.)    (145, 0.)    (146, 0.)   
row 36:   (0, -5.55556)    (1, -2.77778)    (2, -2.77778)    (3, -1.97259e-15)    (4, 1.89893e-15)    (18, 0.694444)    (36, 8.22222)    (37, 2.77778)    (38, 1.44444)    (39, -0.666667)    (40, -0.666667)    (54, -0.694444)   
row 37:   (0, -2.77778)    (1, -5.55556)    (2, -2.77778)    (3, 0.694444)    (4, -1.9289e-15)    (18, 2.38932e-15)    (36, 2.77778)    (37, 8.22222)    (38, 1.44444)    (39, -0.694444)    (40, -0.666667)    (54, -0.666667)   
row 38:   (0, -2.77778)    (1, -2.77778)    (2, -11.1111)    (3, 1.83349e-15)    (4, 0.694444)    (5, -2.77778)    (18, 8.07399e-16)    (19, -2.77778)    (20, 0.694444)    (36, 1.44444)    (37, 1.44444)    (38, 16.4444)    (39, -1.71738e-15)    (40, -0.694444)    (41, 1.44444)    (54, -2.96638e-16)    (55, 1.44444)    (56, -0.694444)   
row 39:   (0, -2.0466e-15)    (1, 0.694444)    (2, 1.79878e-15)    (3, -3.125)    (4, 0.173611)    (5, 7.69075e-15)    (6, -2.0466e-15)    (7, 0.694444)    (8, 0.173611)    (18, 0.347222)    (19, 0.694444)    (20, 0.347222)    (36, -0.666667)    (37, -0.694444)    (38, -1.60462e-15)    (39, 5.125)    (40, -0.00694444)    (41, -1.33333)    (42, -0.666667)    (43, -0.694444)    (44, -0.00694444)    (54, -0.347222)    (55, -0.694444)    (56, -0.0138889)   
row 40:   (0, 1.88327e-15)    (1, -1.95432e-15)    (2, 0.694444)    (3, 0.173611)    (4, -1.04167)    (18, 0.173611)    (36, -0.666667)    (37, -0.666667)    (38, -0.694444)    (39, -0.00694444)    (40, 2.04167)    (54, -0.00694444)   
row 41:   (2, -2.77778)    (3, 7.61217e-15)    (5, -11.1111)    (6, -2.77778)    (7, -2.77778)    (8, 0.694444)    (18, 0.694444)    (19, -2.77778)    (20, -2.18306e-15)    (38, 1.44444)    (39, -1.33333)    (41, 16.4444)    (42, 2.77778)    (43, 1.44444)    (44, -0.694444)    (54, -0.694444)    (55, 2.77778)    (56, -1.33333)   
row 42:   (3, -1.97259e-15)    (5, -2.77778)    (6, -5.55556)    (7, -2.77778)    (8, 1.89893e-15)    (20, 0.694444)    (39, -0.666667)    (41, 2.77778)    (42, 8.22222)    (43, 1.44444)    (44, -0.666667)    (56, -0.694444)   
row 43:   (3, 0.694444)    (5, -2.77778)    (6, -2.77778)    (7, -11.1111)    (8, -3.9015e-15)    (9, -2.77778)    (20, 4.28824e-15)    (24, -2.77778)    (25, 0.694444)    (39, -0.694444)    (41, 1.44444)    (42, 1.44444)    (43, 16.4444)    (44, 4.02803e-15)    (45, 1.44444)    (56, -3.98119e-15)    (60, 1.44444)    (61, -0.694444)   
row 44:   (3, 0.173611)    (5, 0.694444)    (6, 1.88327e-15)    (7, -4.00091e-15)    (8, -3.125)    (9, 7.69075e-15)    (10, -2.0466e-15)    (11, 0.694444)    (12, 0.173611)    (20, 0.347222)    (24, 0.694444)    (25, 0.347222)    (39, -0.00694444)    (41, -0.694444)    (42, -0.666667)    (43, 4.04364e-15)    (44, 5.125)    (45, -1.33333)    (46, -0.666667)    (47, -0.694444)    (48, -0.00694444)    (56, -0.347222)    (60, -0.694444)    (61, -0.0138889)   
row 45:   (7, -2.77778)    (8, 7.61217e-15)    (9, -11.1111)    (10, -2.77778)    (11, -2.77778)    (12, 0.694444)    (20, 0.694444)    (24, -2.77778)    (25, -2.18306e-15)    (43, 1.44444)    (44, -1.33333)    (45, 16.4444)    (46, 2.77778)    (47, 1.44444)    (48, -0.694444)    (56, -0.694444)    (60, 2.77778)    (61, -1.33333)   
row 46:   (8, -1.97259e-15)    (9, -2.77778)    (10, -5.55556)    (11, -2.77778)    (12, 1.89893e-15)    (25, 0.694444)    (44, -0.666667)    (45, 2.77778)    (46, 8.22222)    (47, 1.44444)    (48, -0.666667)    (61, -0.694444)   
row 47:   (8, 0.694444)    (9, -2.77778)    (10, -2.77778)    (11, -11.1111)    (12, -3.9015e-15)    (13, -2.77778)    (25, 4.28824e-15)    (28, -2.77778)    (29, 0.694444)    (44, -0.694444)    (45, 1.44444)    (46, 1.44444)    (47, 16.4444)    (48, 4.02803e-15)    (49, 1.44444)    (61, -3.98119e-15)    (64, 1.44444)    (65, -0.694444)   
row 48:   (8, 0.173611)    (9, 0.694444)    (10, 1.88327e-15)    (11, -4.00091e-15)    (12, -3.125)    (13, 7.69075e-15)    (14, -2.0466e-15)    (15, 0.694444)    (16, 0.)    (25, 0.347222)    (28, 0.694444)    (29, 0.347222)    (44, -0.00694444)    (45, -0.694444)    (46, -0.666667)    (47, 4.04364e-15)    (48, 5.125)    (49, -1.33333)    (50, -0.666667)    (51, -0.694444)    (52, 0.)    (61, -0.347222)    (64, -0.694444)    (65, -0.0138889)   
row 49:   (11, -2.77778)    (12, 7.61217e-15)    (13, -11.1111)    (14, -2.77778)    (15, -2.77778)    (16, 0.)    (25, 0.694444)    (28, -2.77778)    (29, -2.18306e-15)    (47, 1.44444)    (48, -1.33333)    (49, 16.4444)    (50, 2.77778)    (51, 1.44444)    (52, 0.)    (61, -0.694444)    (64, 2.77778)    (65, -1.33333)   
row 50:   (12, -1.97259e-15)    (13, -2.77778)    (14, -5.55556)    (15, -2.77778)    (16, 0.)    (29, 0.694444)    (48, -0.666667)    (49, 2.77778)    (50, 8.22222)    (51, 1.44444)    (52, 0.)    (65, -0.694444)   
row 51:   (12, 0.694444)    (13, -2.77778)    (14, -2.77778)    (15, -11.1111)    (16, 0.)    (17, 0.)    (29, 4.28824e-15)    (32, -2.77778)    (33, 0.)    (48, -0.694444)    (49, 1.44444)    (50, 1.44444)    (51, 16.4444)    (52, 0.)    (53, 0.)    (65, -3.98119e-15)    (68, 1.44444)    (69, 0.)   
row 52:   (12, 0.)    (13, 0.)    (14, 0.)    (15, 0.)    (16, 0.)    (17, 0.)    (29, 0.)    (32, 0.)    (33, 0.)    (48, 0.)    (49, 0.)    (50, 0.)    (51, 0.)    (52, 1.)    (53, 0.)    (65, 0.)    (68, 0.)    (69, 0.)   
row 53:   (15, 0.)    (16, 0.)    (17, 0.)    (29, 0.)    (32, 0.)    (33, 0.)    (51, 0.)    (52, 0.)    (53, 1.)    (65, 0.)    (68, 0.)    (69, 0.)   
row 54:   (0, 0.694444)    (1, 2.41802e-15)    (2, 7.85046e-16)    (3, 0.347222)    (4, 0.173611)    (5, 0.694444)    (18, -3.125)    (19, -4.00091e-15)    (20, 0.347222)    (21, 3.84538e-15)    (22, 0.694444)    (36, -0.694444)    (37, -0.666667)    (38, -3.48679e-16)    (39, -0.347222)    (40, -0.00694444)    (41, -0.694444)    (54, 5.125)    (55, -1.33333)    (56, -0.0138889)    (57, -0.666667)    (58, -0.694444)    (152, 0.173611)    (197, -0.00694444)   
row 55:   (2, -2.77778)    (3, 0.694444)    (5, -2.77778)    (18, -3.9015e-15)    (19, -11.1111)    (20, 4.28824e-15)    (21, -2.77778)    (22, -2.77778)    (38, 1.44444)    (39, -0.694444)    (41, 2.77778)    (54, -1.33333)    (55, 16.4444)    (56, -1.33333)    (57, 2.77778)    (58, 1.44444)    (152, 0.694444)    (197, -0.694444)   
row 56:   (2, 0.694444)    (3, 0.347222)    (5, -2.19645e-15)    (6, 0.694444)    (7, 4.30129e-15)    (8, 0.347222)    (9, 0.694444)    (18, 0.347222)    (19, 4.30129e-15)    (20, -6.25)    (21, 0.694444)    (22, 1.89106e-15)    (23, 1.79878e-15)    (24, -4.00091e-15)    (25, 0.347222)    (26, 0.694444)    (38, -0.694444)    (39, -0.0138889)    (41, -1.33333)    (42, -0.694444)    (43, -4.14425e-15)    (44, -0.347222)    (45, -0.694444)    (54, -0.0138889)    (55, -1.33333)    (56, 10.25)    (57, -0.694444)    (58, -2.01228e-15)    (59, -1.33333)    (60, -1.33333)    (61, -0.0138889)    (62, -0.694444)    (150, 0.347222)    (151, 0.694444)    (152, 0.347222)    (195, -0.0138889)    (196, -0.694444)    (197, -0.347222)   
row 57:   (18, 3.80609e-15)    (19, -2.77778)    (20, 0.694444)    (21, -5.55556)    (22, -2.77778)    (54, -0.666667)    (55, 2.77778)    (56, -0.694444)    (57, 8.22222)    (58, 1.44444)    (152, -1.09153e-15)    (197, -0.666667)   
row 58:   (18, 0.694444)    (19, -2.77778)    (20, 1.87718e-15)    (21, -2.77778)    (22, -11.1111)    (23, -2.77778)    (54, -0.694444)    (55, 1.44444)    (56, -2.05391e-15)    (57, 1.44444)    (58, 16.4444)    (59, 1.44444)    (150, 0.694444)    (151, -2.77778)    (152, 1.29779e-15)    (195, -0.694444)    (196, 1.44444)    (197, -1.36696e-15)   
row 59:   (20, 1.83349e-15)    (22, -2.77778)    (23, -11.1111)    (24, -2.77778)    (25, 0.694444)    (26, -2.77778)    (56, -1.33333)    (58, 1.44444)    (59, 16.4444)    (60, 2.77778)    (61, -0.694444)    (62, 1.44444)    (150, 8.07399e-16)    (151, -2.77778)    (152, 0.694444)    (195, -1.33333)    (196, 2.77778)    (197, -0.694444)   
row 60:   (7, -2.77778)    (8, 0.694444)    (9, -2.77778)    (20, -3.9015e-15)    (23, -2.77778)    (24, -11.1111)    (25, 4.28824e-15)    (26, -2.77778)    (43, 1.44444)    (44, -0.694444)    (45, 2.77778)    (56, -1.33333)    (59, 2.77778)    (60, 16.4444)    (61, -1.33333)    (62, 1.44444)    (150, 0.694444)    (195, -0.694444)   
row 61:   (7, 0.694444)    (8, 0.347222)    (9, -2.19645e-15)    (10, 0.694444)    (11, 4.30129e-15)    (12, 0.347222)    (13, 0.694444)    (20, 0.347222)    (23, 0.694444)    (24, 4.30129e-15)    (25, -6.25)    (26, 1.89106e-15)    (27, 1.79878e-15)    (28, -4.00091e-15)    (29, 0.347222)    (30, 0.694444)    (43, -0.694444)    (44, -0.0138889)    (45, -1.33333)    (46, -0.694444)    (47, -4.14425e-15)    (48, -0.347222)    (49, -0.694444)    (56, -0.0138889)    (59, -0.694444)    (60, -1.33333)    (61, 10.25)    (62, -2.01228e-15)    (63, -1.33333)    (64, -1.33333)    (65, -0.0138889)    (66, -0.694444)    (148, 0.347222)    (149, 0.694444)    (150, 0.347222)    (193, -0.0138889)    (194, -0.694444)    (195, -0.347222)   
row 62:   (20, 0.694444)    (23, -2.77778)    (24, -2.77778)    (25, 1.87718e-15)    (26, -11.1111)    (27, -2.77778)    (56, -0.694444)    (59, 1.44444)    (60, 1.44444)    (61, -2.05391e-15)    (62, 16.4444)    (63, 1.44444)    (148, 0.694444)    (149, -2.77778)    (150, 1.29779e-15)    (193, -0.694444)    (194, 1.44444)    (195, -1.36696e-15)   
row 63:   (25, 1.83349e-15)    (26, -2.77778)    (27, -11.1111)    (28, -2.77778)    (29, 0.694444)    (30, -2.77778)    (61, -1.33333)    (62, 1.44444)    (63, 16.4444)    (64, 2.77778)    (65, -0.694444)    (66, 1.44444)    (148, 8.07399e-16)    (149, -2.77778)    (150, 0.694444)    (193, -1.33333)    (194, 2.77778)    (195, -0.694444)   
row 64:   (11, -2.77778)    (12, 0.694444)    (13, -2.77778)    (25, -3.9015e-15)    (27, -2.77778)    (28, -11.1111)    (29, 4.28824e-15)    (30, -2.77778)    (47, 1.44444)    (48, -0.694444)    (49, 2.77778)    (61, -1.33333)    (63, 2.77778)    (64, 16.4444)    (65, -1.33333)    (66, 1.44444)    (148, 0.694444)    (193, -0.694444)   
row 65:   (11, 0.694444)    (12, 0.347222)    (13, -2.19645e-15)    (14, 0.694444)    (15, 4.30129e-15)    (16, 0.)    (17, 0.)    (25, 0.347222)    (27, 0.694444)    (28, 4.30129e-15)    (29, -6.25)    (30, 1.89106e-15)    (31, 1.79878e-15)    (32, -4.00091e-15)    (33, 0.)    (34, 0.694444)    (47, -0.694444)    (48, -0.0138889)    (49, -1.33333)    (50, -0.694444)    (51, -4.14425e-15)    (52, 0.)    (53, 0.)    (61, -0.0138889)    (63, -0.694444)    (64, -1.33333)    (65, 10.25)    (66, -2.01228e-15)    (67, -1.33333)    (68, -1.33333)    (69, 0.)    (70, -0.694444)    (146, 0.347222)    (147, 0.694444)    (148, 0.347222)    (191, -0.0138889)    (192, -0.694444)    (193, -0.347222)   
row 66:   (25, 0.694444)    (27, -2.77778)    (28, -2.77778)    (29, 1.87718e-15)    (30, -11.1111)    (31, -2.77778)    (61, -0.694444)    (63, 1.44444)    (64, 1.44444)    (65, -2.05391e-15)    (66, 16.4444)    (67, 1.44444)    (146, 0.694444)    (147, -2.77778)    (148, 1.29779e-15)    (191, -0.694444)    (192, 1.44444)    (193, -1.36696e-15)   
row 67:   (29, 1.83349e-15)    (30, -2.77778)    (31, -11.1111)    (32, -2.77778)    (33, 0.)    (34, -2.77778)    (65, -1.33333)    (66, 1.44444)    (67, 16.4444)    (68, 2.77778)    (69, 0.)    (70, 1.44444)    (146, 8.07399e-16)    (147, -2.77778)    (148, 0.694444)    (191, -1.33333)    (192, 2.77778)    (193, -0.694444)   
row 68:   (15, -2.77778)    (16, 0.)    (17, 0.)    (29, -3.9015e-15)    (31, -2.77778)    (32, -11.1111)    (33, 0.)    (34, -2.77778)    (51, 1.44444)    (52, 0.)    (53, 0.)    (65, -1.33333)    (67, 2.77778)    (68, 16.4444)    (69, 0.)    (70, 1.44444)    (146, 0.694444)    (191, -0.694444)   
row 69:   (15, 0.)    (16, 0.)    (17, 0.)    (29, 0.)    (31, 0.)    (32, 0.)    (33, 0.)    (34, 0.)    (35, 0.)    (51, 0.)    (52, 0.)    (53, 0.)    (65, 0.)    (67, 0.)    (68, 0.)    (69, 1.)    (70, 0.)    (71, 0.)    (144, 0.)    (145, 0.)    (146, 0.)    (189, 0.)    (190, 0.)    (191, 0.)   
row 70:   (29, 0.694444)    (31, -2.77778)    (32, -2.77778)    (33, 0.)    (34, -11.1111)    (35, 0.)    (65, -0.694444)    (67, 1.44444)    (68, 1.44444)    (69, 0.)    (70, 16.4444)    (71, 0.)    (144, 0.)    (145, -2.77778)    (146, 1.29779e-15)    (189, 0.)    (190, 1.44444)    (191, -1.36696e-15)   
row 71:   (33, 0.)    (34, 0.)    (35, 0.)    (69, 0.)    (70, 0.)    (71, 1.)    (144, 0.)    (145, 0.)    (146, 0.)    (189, 0.)    (190, 0.)    (191, 0.)   
row 72:   (36, -5.55556)    (37, -2.77778)    (38, -2.77778)    (39, -1.97259e-15)    (40, 1.89893e-15)    (54, 0.694444)    (72, 8.22222)    (73, 2.77778)    (74, 1.44444)    (75, -0.666667)    (76, -0.666667)    (90, -0.694444)   
row 73:   (36, -2.77778)    (37, -5.55556)    (38, -2.77778)    (39, 0.694444)    (40, -1.9289e-15)    (54, 2.38932e-15)    (72, 2.77778)    (73, 8.22222)    (74, 1.44444)    (75, -0.694444)    (76, -0.666667)    (90, -0.666667)   
row 74:   (36, -2.77778)    (37, -2.77778)    (38, -11.1111)    (39, 1.83349e-15)    (40, 0.694444)    (41, -2.77778)    (54, 8.07399e-16)    (55, -2.77778)    (56, 0.694444)    (72, 1.44444)    (73, 1.44444)    (74, 16.4444)    (75, -1.71738e-15)    (76, -0.694444)    (77, 1.44444)    (90, -2.96638e-16)    (91, 1.44444)    (92, -0.694444)   
row 75:   (36, -2.0466e-15)    (37, 0.694444)    (38, 1.79878e-15)    (39, -3.125)    (40, 0.173611)    (41, 7.69075e-15)    (42, -2.0466e-15)    (43, 0.694444)    (44, 0.173611)    (54, 0.347222)    (55, 0.694444)    (56, 0.347222)    (72, -0.666667)    (73, -0.694444)    (74, -1.60462e-15)    (75, 5.125)    (76, -0.00694444)    (77, -1.33333)    (78, -0.666667)    (79, -0.694444)    (80, -0.00694444)    (90, -0.347222)    (91, -0.694444)    (92, -0.0138889)   
row 76:   (36, 1.88327e-15)    (37, -1.95432e-15)    (38, 0.694444)    (39, 0.173611)    (40, -1.04167)    (54, 0.173611)    (72, -0.666667)    (73, -0.666667)    (74, -0.694444)    (75, -0.00694444)    (76, 2.04167)    (90, -0.00694444)   
row 77:   (38, -2.77778)    (39, 7.61217e-15)    (41, -11.1111)    (42, -2.77778)    (43, -2.77778)    (44, 0.694444)    (54, 0.694444)    (55, -2.77778)    (56, -2.18306e-15)    (74, 1.44444)    (75, -1.33333)    (77, 16.4444)    (78, 2.77778)    (79, 1.44444)    (80, -0.694444)    (90, -0.694444)    (91, 2.77778)    (92, -1.33333)   
row 78:   (39, -1.97259e-15)    (41, -2.77778)    (42, -5.55556)    (43, -2.77778)    (44, 1.89893e-15)    (56, 0.694444)    (75, -0.666667)    (77, 2.77778)    (78, 8.22222)    (79, 1.44444)    (80, -0.666667)    (92, -0.694444)   
row 79:   (39, 0.694444)    (41, -2.77778)    (42, -2.77778)    (43, -11.1111)    (44, -3.9015e-15)    (45, -2.77778)    (56, 4.28824e-15)    (60, -2.77778)    (61, 0.694444)    (75, -0.694444)    (77, 1.44444)    (78, 1.44444)    (79, 16.4444)    (80, 4.02803e-15)    (81, 1.44444)    (92, -3.98119e-15)    (96, 1.44444)    (97, -0.694444)   
row 80:   (39, 0.173611)    (41, 0.694444)    (42, 1.88327e-15)    (43, -4.00091e-15)    (44, -3.125)    (45, 7.69075e-15)    (46, -2.0466e-15)    (47, 0.694444)    (48, 0.173611)    (56, 0.347222)    (60, 0.694444)    (61, 0.347222)    (75, -0.00694444)    (77, -0.694444)    (78, -0.666667)    (79, 4.04364e-15)    (80, 5.125)    (81, -1.33333)    (82, -0.666667)    (83, -0.694444)    (84, -0.00694444)    (92, -0.347222)    (96, -0.694444)    (97, -0.0138889)   
row 81:   (43, -2.77778)    (44, 7.61217e-15)    (45, -11.1111)    (46, -2.77778)    (47, -2.77778)    (48, 0.694444)    (56, 0.694444)    (60, -2.77778)    (61, -2.18306e-15)    (79, 1.44444)    (80, -1.33333)    (81, 16.4444)    (82, 2.77778)    (83, 1.44444)    (84, -0.694444)    (92, -0.694444)    (96, 2.77778)    (97, -1.33333)   
row 82:   (44, -1.97259e-15)    (45, -2.77778)    (46, -5.55556)    (47, -2.77778)    (48, 1.89893e-15)    (61, 0.694444)    (80, -0.666667)    (81, 2.77778)    (82, 8.22222)    (83, 1.44444)    (84, -0.666667)    (97, -0.694444)   
row 83:   (44, 0.694444)    (45, -2.77778)    (46, -2.77778)    (47, -11.1111)    (48, -3.9015e-15)    (49, -2.77778)    (61, 4.28824e-15)    (64, -2.77778)    (65, 0.694444)    (80, -0.694444)    (81, 1.44444)    (82, 1.44444)    (83, 16.4444)    (84, 4.02803e-15)    (85, 1.44444)    (97, -3.98119e-15)    (100, 1.44444)    (101, -0.694444)   
row 84:   (44, 0.173611)    (45, 0.694444)    (46, 1.88327e-15)    (47, -4.00091e-15)    (48, -3.125)    (49, 7.69075e-15)    (50, -2.0466e-15)    (51, 0.694444)    (52, 0.)    (61, 0.347222)    (64, 0.694444)    (65, 0.347222)    (80, -0.00694444)    (81, -0.694444)    (82, -0.666667)    (83, 4.04364e-15)    (84, 5.125)    (85, -1.33333)    (86, -0.666667)    (87, -0.694444)    (88, 0.)    (97, -0.347222)    (100, -0.694444)    (101, -0.0138889)   
row 85:   (47, -2.77778)    (48, 7.61217e-15)    (49, -11.1111)    (50, -2.77778)    (51, -2.77778)    (52, 0.)    (61, 0.694444)    (64, -2.77778)    (65, -2.18306e-15)    (83, 1.44444)    (84, -1.33333)    (85, 16.4444)    (86, 2.77778)    (87, 1.44444)    (88, 0.)    (97, -0.694444)    (100, 2.77778)    (101, -1.33333)   
row 86:   (48, -1.97259e-15)    (49, -2.77778)    (50, -5.55556)    (51, -2.77778)    (52, 0.)    (65, 0.694444)    (84, -0.666667)    (85, 2.77778)    (86, 8.22222)    (87, 1.44444)    (88, 0.)    (101, -0.694444)   
row 87:   (48, 0.694444)    (49, -2.77778)    (50, -2.77778)    (51, -11.1111)    (52, 0.)    (53, 0.)    (65, 4.28824e-15)    (68, -2.77778)    (69, 0.)    (84, -0.694444)    (85, 1.44444)    (86, 1.44444)    (87, 16.4444)    (88, 0.)    (89, 0.)    (101, -3.98119e-15)    (104, 1.44444)    (105, 0.)   
row 88:   (48, 0.)    (49, 0.)    (50, 0.)    (51, 0.)    (52, 0.)    (53, 0.)    (65, 0.)    (68, 0.)    (69, 0.)    (84, 0.)    (85, 0.)    (86, 0.)    (87, 0.)    (88, 1.)    (89, 0.)    (101, 0.)    (104, 0.)    (105, 0.)   
row 89:   (51, 0.)    (52, 0.)    (53, 0.)    (65, 0.)    (68, 0.)    (69, 0.)    (87, 0.)    (88, 0.)    (89, 1.)    (101, 0.)    (104, 0.)    (105, 0.)   
row 90:   (36, 0.694444)    (37, 2.41802e-15)    (38, 7.85046e-16)    (39, 0.347222)    (40, 0.173611)    (41, 0.694444)    (54, -3.125)    (55, -4.00091e-15)    (56, 0.347222)    (57, 3.84538e-15)    (58, 0.694444)    (72, -0.694444)    (73, -0.666667)    (74, -3.48679e-16)    (75, -0.347222)    (76, -0.00694444)    (77, -0.694444)    (90, 5.125)    (91, -1.33333)    (92, -0.0138889)    (93, -0.666667)    (94, -0.694444)    (197, 0.173611)    (242, -0.00694444)   
row 91:   (38, -2.77778)    (39, 0.694444)    (41, -2.77778)    (54, -3.9015e-15)    (55, -11.1111)    (56, 4.28824e-15)    (57, -2.77778)    (58, -2.77778)    (74, 1.44444)    (75, -0.694444)    (77, 2.77778)    (90, -1.33333)    (91, 16.4444)    (92, -1.33333)    (93, 2.77778)    (94, 1.44444)    (197, 0.694444)    (242, -0.694444)   
row 92:   (38, 0.694444)    (39, 0.347222)    (41, -2.19645e-15)    (42, 0.694444)    (43, 4.30129e-15)    (44, 0.347222)    (45, 0.694444)    (54, 0.347222)    (55, 4.30129e-15)    (56, -6.25)    (57, 0.694444)    (58, 1.89106e-15)    (59, 1.79878e-15)    (60, -4.00091e-15)    (61, 0.347222)    (62, 0.694444)    (74, -0.694444)    (75, -0.0138889)    (77, -1.33333)    (78, -0.694444)    (79, -4.14425e-15)    (80, -0.347222)    (81, -0.694444)    (90, -0.0138889)    (91, -1.33333)    (92, 10.25)    (93, -0.694444)    (94, -2.01228e-15)    (95, -1.33333)    (96, -1.33333)    (97, -0.0138889)    (98, -0.694444)    (195, 0.347222)    (196, 0.694444)    (197, 0.347222)    (240, -0.0138889)    (241, -0.694444)    (242, -0.347222)   
row 93:   (54, 3.80609e-15)    (55, -2.77778)    (56, 0.694444)    (57, -5.55556)    (58, -2.77778)    (90, -0.666667)    (91, 2.77778)    (92, -0.694444)    (93, 8.22222)    (94, 1.44444)    (197, -1.09153e-15)    (242, -0.666667)   
row 94:   (54, 0.694444)    (55, -2.77778)    (56, 1.87718e-15)    (57, -2.77778)    (58, -11.1111)    (59, -2.77778)    (90, -0.694444)    (91, 1.44444)    (92, -2.05391e-15)    (93, 1.44444)    (94, 16.4444)    (95, 1.44444)    (195, 0.694444)    (196, -2.77778)    (197, 1.29779e-15)    (240, -0.694444)    (241, 1.44444)    (242, -1.36696e-15)   
row 95:   (56, 1.83349e-15)    (58, -2.77778)    (59, -11.1111)    (60, -2.77778)    (61, 0.694444)    (62, -2.77778)    (92, -1.33333)    (94, 1.44444)    (95, 16.4444)    (96, 2.77778)    (97, -0.694444)    (98, 1.44444)    (195, 8.07399e-16)    (196, -2.77778)    (197, 0.694444)    (240, -1.33333)    (241, 2.77778)    (242, -0.694444)   
row 96:   (43, -2.77778)    (44, 0.694444)    (45, -2.77778)    (56, -3.9015e-15)    (59, -2.77778)    (60, -11.1111)    (61, 4.28824e-15)    (62, -2.77778)    (79, 1.44444)    (80, -0.694444)    (81, 2.77778)    (92, -1.33333)    (95, 2.77778)    (96, 16.4444)    (97, -1.33333)    (98, 1.44444)    (195, 0.694444)    (240, -0.694444)   
row 97:   (43, 0.694444)    (44, 0.347222)    (45, -2.19645e-15)    (46, 0.694444)    (47, 4.30129e-15)    (48, 0.347222)    (49, 0.694444)    (56, 0.347222)    (59, 0.694444)    (60, 4.30129e-15)    (61, -6.25)    (62, 1.89106e-15)    (63, 1.79878e-15)    (64, -4.00091e-15)    (65, 0.347222)    (66, 0.694444)    (79, -0.694444)    (80, -0.0138889)    (81, -1.33333)    (82, -0.694444)    (83, -4.14425e-15)    (84, -0.347222)    (85, -0.694444)    (92, -0.0138889)    (95, -0.694444)    (96, -1.33333)    (97, 10.25)    (98, -2.01228e-15)    (99, -1.33333)    (100, -1.33333)    (101, -0.0138889)    (102, -0.694444)    (193, 0.347222)    (194, 0.694444)    (195, 0.347222)    (238, -0.0138889)    (239, -0.694444)    (240, -0.347222)   
row 98:   (56, 0.694444)    (59, -2.77778)    (60, -2.77778)    (61, 1.87718e-15)    (62, -11.1111)    (63, -2.77778)    (92, -0.694444)    (95, 1.44444)    (96, 1.44444)    (97, -2.05391e-15)    (98, 16.4444)    (99, 1.44444)    (193, 0.694444)    (194, -2.77778)    (195, 1.29779e-15)    (238, -0.694444)    (239, 1.44444)    (240, -1.36696e-15)   
row 99:   (61, 1.83349e-15)    (62, -2.77778)    (63, -11.1111)    (64, -2.77778)    (65, 0.694444)    (66, -2.77778)    (97, -1.33333)    (98, 1.44444)    (99, 16.4444)    (100, 2.77778)    (101, -0.694444)    (102, 1.44444)    (193, 8.07399e-16)    (194, -2.77778)    (195, 0.694444)    (238, -1.33333)    (239, 2.77778)    (240, -0.694444)   
row 100:   (47, -2.77778)    (48, 0.694444)    (49, -2.77778)    (61, -3.9015e-15)    (63, -2.77778)    (64, -11.1111)    (65, 4.28824e-15)    (66, -2.77778)    (83, 1.44444)    (84, -0.694444)    (85, 2.77778)    (97, -1.33333)    (99, 2.77778)    (100, 16.4444)    (101, -1.33333)    (102, 1.44444)    (193, 0.694444)    (238, -0.694444)   
row 101:   (47, 0.694444)    (48, 0.347222)    (49, -2.19645e-15)    (50, 0.694444)    (51, 4.30129e-15)    (52, 0.)    (53, 0.)    (61, 0.347222)    (63, 0.694444)    (64, 4.30129e-15)    (65, -6.25)    (66, 1.89106e-15)    (67, 1.79878e-15)    (68, -4.00091e-15)    (69, 0.)    (70, 0.694444)    (83, -0.694444)    (84, -0.0138889)    (85, -1.33333)    (86, -0.694444)    (87, -4.14425e-15)    (88, 0.)    (89, 0.)    (97, -0.0138889)    (99, -0.694444)    (100, -1.33333)    (101, 10.25)    (102, -2.01228e-15)    (103, -1.33333)    (104, -1.33333)    (105, 0.)    (106, -0.694444)    (191, 0.347222)    (192, 0.694444)    (193, 0.347222)    (236, -0.0138889)    (237, -0.694444)    (238, -0.347222)   
row 102:   (61, 0.694444)    (63, -2.77778)    (64, -2.77778)    (65, 1.87718e-15)    (66, -11.1111)    (67, -2.77778)    (97, -0.694444)    (99, 1.44444)    (100, 1.44444)    (101, -2.05391e-15)    (102, 16.4444)    (103, 1.44444)    (191, 0.694444)    (192, -2.77778)    (193, 1.29779e-15)    (236, -0.694444)    (237, 1.44444)    (238, -1.36696e-15)   
row 103:   (65, 1.83349e-15)    (66, -2.77778)    (67, -11.1111)    (68, -2.77778)    (69, 0.)    (70, -2.77778)    (101, -1.33333)    (102, 1.44444)    (103, 16.4444)    (104, 2.77778)    (105, 0.)    (106, 1.44444)    (191, 8.07399e-16)    (192, -2.77778)    (193, 0.694444)    (236, -1.33333)    (237, 2.77778)    (238, -0.694444)   
row 104:   (51, -2.77778)    (52, 0.)    (53, 0.)    (65, -3.9015e-15)    (67, -2.77778)    (68, -11.1111)    (69, 0.)    (70, -2.77778)    (87, 1.44444)    (88, 0.)    (89, 0.)    (101, -1.33333)    (103, 2.77778)    (104, 16.4444)    (105, 0.)    (106, 1.44444)    (191, 0.694444)    (236, -0.694444)   
row 105:   (51, 0.)    (52, 0.)    (53, 0.)    (65, 0.)    (67, 0.)    (68, 0.)    (69, 0.)    (70, 0.)    (71, 0.)    (87, 0.)    (88, 0.)    (89, 0.)    (101, 0.)    (103, 0.)    (104, 0.)    (105, 1.)    (106, 0.)    (107, 0.)    (189, 0.)    (190, 0.)    (191, 0.)    (234, 0.)    (235, 0.)    (236, 0.)   
row 106:   (65, 0.694444)    (67, -2.77778)    (68, -2.77778)    (69, 0.)    (70, -11.1111)    (71, 0.)    (101, -0.694444)    (103, 1.44444)    (104, 1.44444)    (105, 0.)    (106, 16.4444)    (107, 0.)    (189, 0.)    (190, -2.77778)    (191, 1.29779e-15)    (234, 0.)    (235, 1.44444)    (236, -1.36696e-15)   
row 107:   (69, 0.)    (70, 0.)    (71, 0.)    (105, 0.)    (106, 0.)    (107, 1.)    (189, 0.)    (190, 0.)    (191, 0.)    (234, 0.)    (235, 0.)    (236, 0.)   
row 108:   (108, 1.)    (109, 0.)    (110, 0.)    (111, 0.)    (112, 0.)    (113, 0.)   
row 109:   (108, 0.)    (109, 16.4444)    (110, 1.44444)    (111, 0.)    (112, 0.)    (113, -3.98119e-15)    (114, 1.44444)    (115, 1.44444)    (116, -0.694444)   
row 110:   (108, 0.)    (109, 1.44444)    (110, 8.22222)    (111, 0.)    (112, 0.)    (113, -0.666667)   
row 111:   (108, 0.)    (109, 0.)    (110, 0.)    (111, 1.)    (112, 0.)    (113, 0.)   
row 112:   (108, 0.)    (109, 0.)    (110, 0.)    (111, 0.)    (112, 1.)    (113, 0.)    (114, 0.)    (115, 0.)    (116, 0.)    (120, 0.)    (121, 0.)    (144, 0.)   
row 113:   (108, 0.)    (109, -4.14425e-15)    (110, -0.666667)    (111, 0.)    (112, 0.)    (113, 5.125)    (114, -0.694444)    (115, -1.33333)    (116, -0.0138889)    (117, -0.694444)    (118, -0.666667)    (119, -0.00694444)   
row 114:   (109, 1.44444)    (112, 0.)    (113, -0.694444)    (114, 16.4444)    (115, 2.77778)    (116, -1.33333)    (120, 0.)    (121, 1.44444)    (144, 0.)   
row 115:   (109, 1.44444)    (112, 0.)    (113, -1.33333)    (114, 2.77778)    (115, 16.4444)    (116, -1.33333)    (117, 1.44444)    (118, 2.77778)    (119, -0.694444)   
row 116:   (109, -0.694444)    (112, 0.)    (113, -0.0138889)    (114, -1.33333)    (115, -1.33333)    (116, 10.25)    (117, 4.04364e-15)    (118, -0.694444)    (119, -0.347222)    (120, 0.)    (121, 4.04364e-15)    (122, -1.33333)    (123, -0.694444)    (124, -0.0138889)    (125, -1.33333)    (129, -0.694444)    (144, 0.)    (145, -0.694444)    (146, -0.0138889)   
row 117:   (113, -0.694444)    (115, 1.44444)    (116, 4.02803e-15)    (117, 16.4444)    (118, 1.44444)    (119, -3.98119e-15)    (122, 1.44444)    (123, 1.44444)    (124, -0.694444)   
row 118:   (113, -0.666667)    (115, 2.77778)    (116, -0.694444)    (117, 1.44444)    (118, 8.22222)    (119, -0.666667)   
row 119:   (113, -0.00694444)    (115, -0.694444)    (116, -0.347222)    (117, -4.14425e-15)    (118, -0.666667)    (119, 5.125)    (122, -0.694444)    (123, -1.33333)    (124, -0.0138889)    (126, -0.694444)    (127, -0.666667)    (128, -0.00694444)   
row 120:   (112, 0.)    (114, 0.)    (116, 0.)    (120, 1.)    (121, 0.)    (144, 0.)   
row 121:   (112, 0.)    (114, 1.44444)    (116, 4.02803e-15)    (120, 0.)    (121, 16.4444)    (125, 1.44444)    (144, 0.)    (145, 1.44444)    (146, -0.694444)   
row 122:   (116, -1.33333)    (117, 1.44444)    (119, -0.694444)    (122, 16.4444)    (123, 2.77778)    (124, -1.33333)    (125, 2.77778)    (129, 1.44444)    (146, -0.694444)   
row 123:   (116, -0.694444)    (117, 1.44444)    (119, -1.33333)    (122, 2.77778)    (123, 16.4444)    (124, -1.33333)    (126, 1.44444)    (127, 2.77778)    (128, -0.694444)   
row 124:   (116, -0.0138889)    (117, -0.694444)    (119, -0.0138889)    (122, -1.33333)    (123, -1.33333)    (124, 10.25)    (125, -0.694444)    (126, 4.04364e-15)    (127, -0.694444)    (128, -0.347222)    (129, 4.04364e-15)    (130, -1.33333)    (131, -0.694444)    (132, -0.0138889)    (133, -1.33333)    (137, -0.694444)    (146, -0.347222)    (147, -0.694444)    (148, -0.0138889)   
row 125:   (116, -1.33333)    (121, 1.44444)    (122, 2.77778)    (124, -0.694444)    (125, 16.4444)    (129, 1.44444)    (144, 0.)    (145, 2.77778)    (146, -1.33333)   
row 126:   (119, -0.694444)    (123, 1.44444)    (124, 4.02803e-15)    (126, 16.4444)    (127, 1.44444)    (128, -3.98119e-15)    (130, 1.44444)    (131, 1.44444)    (132, -0.694444)   
row 127:   (119, -0.666667)    (123, 2.77778)    (124, -0.694444)    (126, 1.44444)    (127, 8.22222)    (128, -0.666667)   
row 128:   (119, -0.00694444)    (123, -0.694444)    (124, -0.347222)    (126, -4.14425e-15)    (127, -0.666667)    (128, 5.125)    (130, -0.694444)    (131, -1.33333)    (132, -0.0138889)    (134, -0.694444)    (135, -0.666667)    (136, -0.00694444)   
row 129:   (116, -0.694444)    (122, 1.44444)    (124, 4.02803e-15)    (125, 1.44444)    (129, 16.4444)    (133, 1.44444)    (146, -3.98119e-15)    (147, 1.44444)    (148, -0.694444)   
row 130:   (124, -1.33333)    (126, 1.44444)    (128, -0.694444)    (130, 16.4444)    (131, 2.77778)    (132, -1.33333)    (133, 2.77778)    (137, 1.44444)    (148, -0.694444)   
row 131:   (124, -0.694444)    (126, 1.44444)    (128, -1.33333)    (130, 2.77778)    (131, 16.4444)    (132, -1.33333)    (134, 1.44444)    (135, 2.77778)    (136, -0.694444)   
row 132:   (124, -0.0138889)    (126, -0.694444)    (128, -0.0138889)    (130, -1.33333)    (131, -1.33333)    (132, 10.25)    (133, -0.694444)    (134, 4.04364e-15)    (135, -0.694444)    (136, -0.347222)    (137, 4.04364e-15)    (138, -1.33333)    (139, -0.694444)    (140, -0.0138889)    (141, -1.33333)    (142, -0.694444)    (148, -0.347222)    (149, -0.694444)    (150, -0.0138889)   
row 133:   (124, -1.33333)    (129, 1.44444)    (130, 2.77778)    (132, -0.694444)    (133, 16.4444)    (137, 1.44444)    (146, -0.694444)    (147, 2.77778)    (148, -1.33333)   
row 134:   (128, -0.694444)    (131, 1.44444)    (132, 4.02803e-15)    (134, 16.4444)    (135, 1.44444)    (136, -3.98119e-15)    (138, 1.44444)    (139, 1.44444)    (140, -0.694444)   
row 135:   (128, -0.666667)    (131, 2.77778)    (132, -0.694444)    (134, 1.44444)    (135, 8.22222)    (136, -0.666667)   
row 136:   (128, -0.00694444)    (131, -0.694444)    (132, -0.347222)    (134, -4.14425e-15)    (135, -0.666667)    (136, 3.08333)    (138, -0.694444)    (139, -0.666667)    (140, -0.00694444)   
row 137:   (124, -0.694444)    (130, 1.44444)    (132, 4.02803e-15)    (133, 1.44444)    (137, 16.4444)    (141, 1.44444)    (148, -3.98119e-15)    (149, 1.44444)    (150, -0.694444)   
row 138:   (132, -1.33333)    (134, 1.44444)    (136, -0.694444)    (138, 16.4444)    (139, 2.77778)    (140, -1.33333)    (141, 2.77778)    (142, 1.44444)    (150, -0.694444)   
row 139:   (132, -0.694444)    (134, 1.44444)    (136, -0.666667)    (138, 2.77778)    (139, 8.22222)    (140, -0.666667)   
row 140:   (132, -0.0138889)    (134, -0.694444)    (136, -0.00694444)    (138, -1.33333)    (139, -0.666667)    (140, 5.125)    (141, -0.694444)    (142, 4.04364e-15)    (143, -0.666667)    (150, -0.347222)    (151, -0.694444)    (152, -0.00694444)   
row 141:   (132, -1.33333)    (137, 1.44444)    (138, 2.77778)    (140, -0.694444)    (141, 16.4444)    (142, 1.44444)    (148, -0.694444)    (149, 2.77778)    (150, -1.33333)   
row 142:   (132, -0.694444)    (138, 1.44444)    (140, 4.02803e-15)    (141, 1.44444)    (142, 16.4444)    (143, 1.44444)    (150, -3.98119e-15)    (151, 1.44444)    (152, -0.694444)   
row 143:   (140, -0.666667)    (142, 1.44444)    (143, 8.22222)    (150, -0.694444)    (151, 2.77778)    (152, -0.666667)   
row 144:   (33, 0.)    (34, 0.)    (35, 0.)    (112, 0.)    (114, 0.)    (116, 0.)    (120, 0.)    (121, 0.)    (125, 0.)    (144, 1.)    (145, 0.)    (146, 0.)   
row 145:   (33, 0.)    (34, 1.44444)    (35, 0.)    (116, -0.694444)    (121, 1.44444)    (125, 2.77778)    (144, 0.)    (145, 16.4444)    (146, -1.33333)   
row 146:   (29, -0.0138889)    (30, -0.694444)    (31, -1.33333)    (32, -0.694444)    (33, 0.)    (34, -1.5335e-15)    (35, 0.)    (116, -0.0138889)    (121, -0.694444)    (122, -0.694444)    (124, -0.347222)    (125, -1.33333)    (129, -4.14425e-15)    (133, -0.694444)    (144, 0.)    (145, -1.33333)    (146, 10.25)    (147, -1.33333)    (148, -0.0138889)   
row 147:   (29, -0.694444)    (30, 1.44444)    (31, 2.77778)    (124, -0.694444)    (129, 1.44444)    (133, 2.77778)    (146, -1.33333)    (147, 16.4444)    (148, -1.33333)   
row 148:   (25, -0.0138889)    (26, -0.694444)    (27, -1.33333)    (28, -0.694444)    (29, -0.347222)    (30, -1.5335e-15)    (31, -0.694444)    (124, -0.0138889)    (129, -0.694444)    (130, -0.694444)    (132, -0.347222)    (133, -1.33333)    (137, -4.14425e-15)    (141, -0.694444)    (146, -0.0138889)    (147, -1.33333)    (148, 10.25)    (149, -1.33333)    (150, -0.0138889)   
row 149:   (25, -0.694444)    (26, 1.44444)    (27, 2.77778)    (132, -0.694444)    (137, 1.44444)    (141, 2.77778)    (148, -1.33333)    (149, 16.4444)    (150, -1.33333)   
row 150:   (20, -0.0138889)    (22, -0.694444)    (23, -1.33333)    (24, -0.694444)    (25, -0.347222)    (26, -1.5335e-15)    (27, -0.694444)    (132, -0.0138889)    (137, -0.694444)    (138, -0.694444)    (140, -0.347222)    (141, -1.33333)    (142, -4.14425e-15)    (143, -0.694444)    (148, -0.0138889)    (149, -1.33333)    (150, 10.25)    (151, -1.33333)    (152, -0.0138889)   
row 151:   (20, -0.694444)    (22, 1.44444)    (23, 2.77778)    (140, -0.694444)    (142, 1.44444)    (143, 2.77778)    (150, -1.33333)    (151, 16.4444)    (152, -1.33333)   
row 152:   (18, -0.00694444)    (19, -0.694444)    (20, -0.347222)    (21, -0.666667)    (22, -1.5335e-15)    (23, -0.694444)    (140, -0.00694444)    (142, -0.694444)    (143, -0.666667)    (150, -0.0138889)    (151, -1.33333)    (152, 5.125)   
row 153:   (108, 0.)    (109, 0.)    (110, 0.)    (111, 0.)    (112, 0.)    (113, 0.)    (153, 1.)    (154, 0.)    (155, 0.)    (156, 0.)    (157, 0.)    (158, 0.)   
row 154:   (108, 0.)    (109, -11.1111)    (110, -2.77778)    (111, 0.)    (112, 0.)    (113, 4.28824e-15)    (114, -2.77778)    (115, -2.77778)    (116, 0.694444)    (153, 0.)    (154, 16.4444)    (155, 1.44444)    (156, 0.)    (157, 0.)    (158, -3.98119e-15)    (159, 1.44444)    (160, 1.44444)    (161, -0.694444)   
row 155:   (108, 0.)    (109, -2.77778)    (110, -5.55556)    (111, 0.)    (112, 0.)    (113, -1.09153e-15)    (153, 0.)    (154, 1.44444)    (155, 8.22222)    (156, 0.)    (157, 0.)    (158, -0.666667)   
row 156:   (108, 0.)    (109, 0.)    (110, 0.)    (111, 0.)    (112, 0.)    (113, 0.)    (153, 0.)    (154, 0.)    (155, 0.)    (156, 1.)    (157, 0.)    (158, 0.)   
row 157:   (108, 0.)    (109, 0.)    (110, 0.)    (111, 0.)    (112, 0.)    (113, 0.)    (114, 0.)    (115, 0.)    (116, 0.)    (120, 0.)    (121, 0.)    (144, 0.)    (153, 0.)    (154, 0.)    (155, 0.)    (156, 0.)    (157, 1.)    (158, 0.)    (159, 0.)    (160, 0.)    (161, 0.)    (165, 0.)    (166, 0.)    (189, 0.)   
row 158:   (108, 0.)    (109, 4.30129e-15)    (110, -1.09822e-15)    (111, 0.)    (112, 0.)    (113, -3.125)    (114, 0.694444)    (115, -4.00091e-15)    (116, 0.347222)    (117, 0.694444)    (118, 3.84538e-15)    (119, 0.173611)    (153, 0.)    (154, -4.14425e-15)    (155, -0.666667)    (156, 0.)    (157, 0.)    (158, 5.125)    (159, -0.694444)    (160, -1.33333)    (161, -0.0138889)    (162, -0.694444)    (163, -0.666667)    (164, -0.00694444)   
row 159:   (109, -2.77778)    (112, 0.)    (113, 0.694444)    (114, -11.1111)    (115, -2.77778)    (116, 8.07399e-16)    (120, 0.)    (121, -2.77778)    (144, 0.)    (154, 1.44444)    (157, 0.)    (158, -0.694444)    (159, 16.4444)    (160, 2.77778)    (161, -1.33333)    (165, 0.)    (166, 1.44444)    (189, 0.)   
row 160:   (109, -2.77778)    (112, 0.)    (113, -3.9015e-15)    (114, -2.77778)    (115, -11.1111)    (116, 4.28824e-15)    (117, -2.77778)    (118, -2.77778)    (119, 0.694444)    (154, 1.44444)    (157, 0.)    (158, -1.33333)    (159, 2.77778)    (160, 16.4444)    (161, -1.33333)    (162, 1.44444)    (163, 2.77778)    (164, -0.694444)   
row 161:   (109, 0.694444)    (112, 0.)    (113, 0.347222)    (114, 7.85046e-16)    (115, 4.30129e-15)    (116, -6.25)    (117, -4.00091e-15)    (118, 0.694444)    (119, 0.347222)    (120, 0.)    (121, -4.00091e-15)    (122, 1.79878e-15)    (123, 0.694444)    (124, 0.347222)    (125, 7.69075e-15)    (129, 0.694444)    (144, 0.)    (145, 0.694444)    (146, 0.347222)    (154, -0.694444)    (157, 0.)    (158, -0.0138889)    (159, -1.33333)    (160, -1.33333)    (161, 10.25)    (162, 4.04364e-15)    (163, -0.694444)    (164, -0.347222)    (165, 0.)    (166, 4.04364e-15)    (167, -1.33333)    (168, -0.694444)    (169, -0.0138889)    (170, -1.33333)    (174, -0.694444)    (189, 0.)    (190, -0.694444)    (191, -0.0138889)   
row 162:   (113, 0.694444)    (115, -2.77778)    (116, -3.9015e-15)    (117, -11.1111)    (118, -2.77778)    (119, 4.28824e-15)    (122, -2.77778)    (123, -2.77778)    (124, 0.694444)    (158, -0.694444)    (160, 1.44444)    (161, 4.02803e-15)    (162, 16.4444)    (163, 1.44444)    (164, -3.98119e-15)    (167, 1.44444)    (168, 1.44444)    (169, -0.694444)   
row 163:   (113, 3.80609e-15)    (115, -2.77778)    (116, 0.694444)    (117, -2.77778)    (118, -5.55556)    (119, -1.09153e-15)    (158, -0.666667)    (160, 2.77778)    (161, -0.694444)    (162, 1.44444)    (163, 8.22222)    (164, -0.666667)   
row 164:   (113, 0.173611)    (115, 0.694444)    (116, 0.347222)    (117, 4.30129e-15)    (118, -1.09822e-15)    (119, -3.125)    (122, 0.694444)    (123, -4.00091e-15)    (124, 0.347222)    (126, 0.694444)    (127, 3.84538e-15)    (128, 0.173611)    (158, -0.00694444)    (160, -0.694444)    (161, -0.347222)    (162, -4.14425e-15)    (163, -0.666667)    (164, 5.125)    (167, -0.694444)    (168, -1.33333)    (169, -0.0138889)    (171, -0.694444)    (172, -0.666667)    (173, -0.00694444)   
row 165:   (112, 0.)    (114, 0.)    (116, 0.)    (120, 0.)    (121, 0.)    (144, 0.)    (157, 0.)    (159, 0.)    (161, 0.)    (165, 1.)    (166, 0.)    (189, 0.)   
row 166:   (112, 0.)    (114, -2.77778)    (116, -3.9015e-15)    (120, 0.)    (121, -11.1111)    (125, -2.77778)    (144, 0.)    (145, -2.77778)    (146, 0.694444)    (157, 0.)    (159, 1.44444)    (161, 4.02803e-15)    (165, 0.)    (166, 16.4444)    (170, 1.44444)    (189, 0.)    (190, 1.44444)    (191, -0.694444)   
row 167:   (116, 1.83349e-15)    (117, -2.77778)    (119, 0.694444)    (122, -11.1111)    (123, -2.77778)    (124, 8.07399e-16)    (125, -2.77778)    (129, -2.77778)    (146, 0.694444)    (161, -1.33333)    (162, 1.44444)    (164, -0.694444)    (167, 16.4444)    (168, 2.77778)    (169, -1.33333)    (170, 2.77778)    (174, 1.44444)    (191, -0.694444)   
row 168:   (116, 0.694444)    (117, -2.77778)    (119, -3.9015e-15)    (122, -2.77778)    (123, -11.1111)    (124, 4.28824e-15)    (126, -2.77778)    (127, -2.77778)    (128, 0.694444)    (161, -0.694444)    (162, 1.44444)    (164, -1.33333)    (167, 2.77778)    (168, 16.4444)    (169, -1.33333)    (171, 1.44444)    (172, 2.77778)    (173, -0.694444)   
row 169:   (116, 0.347222)    (117, 0.694444)    (119, 0.347222)    (122, 7.85046e-16)    (123, 4.30129e-15)    (124, -6.25)    (125, 0.694444)    (126, -4.00091e-15)    (127, 0.694444)    (128, 0.347222)    (129, -4.00091e-15)    (130, 1.79878e-15)    (131, 0.694444)    (132, 0.347222)    (133, 7.69075e-15)    (137, 0.694444)    (146, 0.347222)    (147, 0.694444)    (148, 0.347222)    (161, -0.0138889)    (162, -0.694444)    (164, -0.0138889)    (167, -1.33333)    (168, -1.33333)    (169, 10.25)    (170, -0.694444)    (171, 4.04364e-15)    (172, -0.694444)    (173, -0.347222)    (174, 4.04364e-15)    (175, -1.33333)    (176, -0.694444)    (177, -0.0138889)    (178, -1.33333)    (182, -0.694444)    (191, -0.347222)    (192, -0.694444)    (193, -0.0138889)   
row 170:   (116, 7.61217e-15)    (121, -2.77778)    (122, -2.77778)    (124, 0.694444)    (125, -11.1111)    (129, -2.77778)    (144, 0.)    (145, -2.77778)    (146, -2.18306e-15)    (161, -1.33333)    (166, 1.44444)    (167, 2.77778)    (169, -0.694444)    (170, 16.4444)    (174, 1.44444)    (189, 0.)    (190, 2.77778)    (191, -1.33333)   
row 171:   (119, 0.694444)    (123, -2.77778)    (124, -3.9015e-15)    (126, -11.1111)    (127, -2.77778)    (128, 4.28824e-15)    (130, -2.77778)    (131, -2.77778)    (132, 0.694444)    (164, -0.694444)    (168, 1.44444)    (169, 4.02803e-15)    (171, 16.4444)    (172, 1.44444)    (173, -3.98119e-15)    (175, 1.44444)    (176, 1.44444)    (177, -0.694444)   
row 172:   (119, 3.80609e-15)    (123, -2.77778)    (124, 0.694444)    (126, -2.77778)    (127, -5.55556)    (128, -1.09153e-15)    (164, -0.666667)    (168, 2.77778)    (169, -0.694444)    (171, 1.44444)    (172, 8.22222)    (173, -0.666667)   
row 173:   (119, 0.173611)    (123, 0.694444)    (124, 0.347222)    (126, 4.30129e-15)    (127, -1.09822e-15)    (128, -3.125)    (130, 0.694444)    (131, -4.00091e-15)    (132, 0.347222)    (134, 0.694444)    (135, 3.84538e-15)    (136, 0.173611)    (164, -0.00694444)    (168, -0.694444)    (169, -0.347222)    (171, -4.14425e-15)    (172, -0.666667)    (173, 5.125)    (175, -0.694444)    (176, -1.33333)    (177, -0.0138889)    (179, -0.694444)    (180, -0.666667)    (181, -0.00694444)   
row 174:   (116, 0.694444)    (122, -2.77778)    (124, -3.9015e-15)    (125, -2.77778)    (129, -11.1111)    (133, -2.77778)    (146, 4.28824e-15)    (147, -2.77778)    (148, 0.694444)    (161, -0.694444)    (167, 1.44444)    (169, 4.02803e-15)    (170, 1.44444)    (174, 16.4444)    (178, 1.44444)    (191, -3.98119e-15)    (192, 1.44444)    (193, -0.694444)   
row 175:   (124, 1.83349e-15)    (126, -2.77778)    (128, 0.694444)    (130, -11.1111)    (131, -2.77778)    (132, 8.07399e-16)    (133, -2.77778)    (137, -2.77778)    (148, 0.694444)    (169, -1.33333)    (171, 1.44444)    (173, -0.694444)    (175, 16.4444)    (176, 2.77778)    (177, -1.33333)    (178, 2.77778)    (182, 1.44444)    (193, -0.694444)   
row 176:   (124, 0.694444)    (126, -2.77778)    (128, -3.9015e-15)    (130, -2.77778)    (131, -11.1111)    (132, 4.28824e-15)    (134, -2.77778)    (135, -2.77778)    (136, 0.694444)    (169, -0.694444)    (171, 1.44444)    (173, -1.33333)    (175, 2.77778)    (176, 16.4444)    (177, -1.33333)    (179, 1.44444)    (180, 2.77778)    (181, -0.694444)   
row 177:   (124, 0.347222)    (126, 0.694444)    (128, 0.347222)    (130, 7.85046e-16)    (131, 4.30129e-15)    (132, -6.25)    (133, 0.694444)    (134, -4.00091e-15)    (135, 0.694444)    (136, 0.347222)    (137, -4.00091e-15)    (138, 1.79878e-15)    (139, 0.694444)    (140, 0.347222)    (141, 7.69075e-15)    (142, 0.694444)    (148, 0.347222)    (149, 0.694444)    (150, 0.347222)    (169, -0.0138889)    (171, -0.694444)    (173, -0.0138889)    (175, -1.33333)    (176, -1.33333)    (177, 10.25)    (178, -0.694444)    (179, 4.04364e-15)    (180, -0.694444)    (181, -0.347222)    (182, 4.04364e-15)    (183, -1.33333)    (184, -0.694444)    (185, -0.0138889)    (186, -1.33333)    (187, -0.694444)    (193, -0.347222)    (194, -0.694444)    (195, -0.0138889)   
row 178:   (124, 7.61217e-15)    (129, -2.77778)    (130, -2.77778)    (132, 0.694444)    (133, -11.1111)    (137, -2.77778)    (146, 0.694444)    (147, -2.77778)    (148, -2.18306e-15)    (169, -1.33333)    (174, 1.44444)    (175, 2.77778)    (177, -0.694444)    (178, 16.4444)    (182, 1.44444)    (191, -0.694444)    (192, 2.77778)    (193, -1.33333)   
row 179:   (128, 0.694444)    (131, -2.77778)    (132, -3.9015e-15)    (134, -11.1111)    (135, -2.77778)    (136, 4.28824e-15)    (138, -2.77778)    (139, -2.77778)    (140, 0.694444)    (173, -0.694444)    (176, 1.44444)    (177, 4.02803e-15)    (179, 16.4444)    (180, 1.44444)    (181, -3.98119e-15)    (183, 1.44444)    (184, 1.44444)    (185, -0.694444)   
row 180:   (128, 3.80609e-15)    (131, -2.77778)    (132, 0.694444)    (134, -2.77778)    (135, -5.55556)    (136, -1.09153e-15)    (173, -0.666667)    (176, 2.77778)    (177, -0.694444)    (179, 1.44444)    (180, 8.22222)    (181, -0.666667)   
row 181:   (128, 0.173611)    (131, 0.694444)    (132, 0.347222)    (134, 4.30129e-15)    (135, -1.09822e-15)    (136, -2.08333)    (138, 0.694444)    (139, -1.95432e-15)    (140, 0.173611)    (173, -0.00694444)    (176, -0.694444)    (177, -0.347222)    (179, -4.14425e-15)    (180, -0.666667)    (181, 3.08333)    (183, -0.694444)    (184, -0.666667)    (185, -0.00694444)   
row 182:   (124, 0.694444)    (130, -2.77778)    (132, -3.9015e-15)    (133, -2.77778)    (137, -11.1111)    (141, -2.77778)    (148, 4.28824e-15)    (149, -2.77778)    (150, 0.694444)    (169, -0.694444)    (175, 1.44444)    (177, 4.02803e-15)    (178, 1.44444)    (182, 16.4444)    (186, 1.44444)    (193, -3.98119e-15)    (194, 1.44444)    (195, -0.694444)   
row 183:   (132, 1.83349e-15)    (134, -2.77778)    (136, 0.694444)    (138, -11.1111)    (139, -2.77778)    (140, 8.07399e-16)    (141, -2.77778)    (142, -2.77778)    (150, 0.694444)    (177, -1.33333)    (179, 1.44444)    (181, -0.694444)    (183, 16.4444)    (184, 2.77778)    (185, -1.33333)    (186, 2.77778)    (187, 1.44444)    (195, -0.694444)   
row 184:   (132, 0.694444)    (134, -2.77778)    (136, -1.9289e-15)    (138, -2.77778)    (139, -5.55556)    (140, 2.38932e-15)    (177, -0.694444)    (179, 1.44444)    (181, -0.666667)    (183, 2.77778)    (184, 8.22222)    (185, -0.666667)   
row 185:   (132, 0.347222)    (134, 0.694444)    (136, 0.173611)    (138, 7.85046e-16)    (139, 2.41802e-15)    (140, -3.125)    (141, 0.694444)    (142, -4.00091e-15)    (143, 3.84538e-15)    (150, 0.347222)    (151, 0.694444)    (152, 0.173611)    (177, -0.0138889)    (179, -0.694444)    (181, -0.00694444)    (183, -1.33333)    (184, -0.666667)    (185, 5.125)    (186, -0.694444)    (187, 4.04364e-15)    (188, -0.666667)    (195, -0.347222)    (196, -0.694444)    (197, -0.00694444)   
row 186:   (132, 7.61217e-15)    (137, -2.77778)    (138, -2.77778)    (140, 0.694444)    (141, -11.1111)    (142, -2.77778)    (148, 0.694444)    (149, -2.77778)    (150, -2.18306e-15)    (177, -1.33333)    (182, 1.44444)    (183, 2.77778)    (185, -0.694444)    (186, 16.4444)    (187, 1.44444)    (193, -0.694444)    (194, 2.77778)    (195, -1.33333)   
row 187:   (132, 0.694444)    (138, -2.77778)    (140, -3.9015e-15)    (141, -2.77778)    (142, -11.1111)    (143, -2.77778)    (150, 4.28824e-15)    (151, -2.77778)    (152, 0.694444)    (177, -0.694444)    (183, 1.44444)    (185, 4.02803e-15)    (186, 1.44444)    (187, 16.4444)    (188, 1.44444)    (195, -3.98119e-15)    (196, 1.44444)    (197, -0.694444)   
row 188:   (140, 3.80609e-15)    (142, -2.77778)    (143, -5.55556)    (150, 0.694444)    (151, -2.77778)    (152, -1.09153e-15)    (185, -0.666667)    (187, 1.44444)    (188, 8.22222)    (195, -0.694444)    (196, 2.77778)    (197, -0.666667)   
row 189:   (33, 0.)    (34, 0.)    (35, 0.)    (69, 0.)    (70, 0.)    (71, 0.)    (112, 0.)    (114, 0.)    (116, 0.)    (120, 0.)    (121, 0.)    (125, 0.)    (144, 0.)    (145, 0.)    (146, 0.)    (157, 0.)    (159, 0.)    (161, 0.)    (165, 0.)    (166, 0.)    (170, 0.)    (189, 1.)    (190, 0.)    (191, 0.)   
row 190:   (33, 0.)    (34, -2.77778)    (35, 0.)    (69, 0.)    (70, 1.44444)    (71, 0.)    (116, 0.694444)    (121, -2.77778)    (125, -2.77778)    (144, 0.)    (145, -11.1111)    (146, 4.77863e-15)    (161, -0.694444)    (166, 1.44444)    (170, 2.77778)    (189, 0.)    (190, 16.4444)    (191, -1.33333)   
row 191:   (29, 0.347222)    (30, 0.694444)    (31, 7.85046e-16)    (32, 0.694444)    (33, 0.)    (34, 1.3198e-15)    (35, 0.)    (65, -0.0138889)    (66, -0.694444)    (67, -1.33333)    (68, -0.694444)    (69, 0.)    (70, -1.5335e-15)    (71, 0.)    (116, 0.347222)    (121, 0.694444)    (122, 0.694444)    (124, 0.347222)    (125, -2.19645e-15)    (129, 4.30129e-15)    (133, 0.694444)    (144, 0.)    (145, 4.83604e-15)    (146, -6.25)    (147, -3.90864e-15)    (148, 0.347222)    (161, -0.0138889)    (166, -0.694444)    (167, -0.694444)    (169, -0.347222)    (170, -1.33333)    (174, -4.14425e-15)    (178, -0.694444)    (189, 0.)    (190, -1.33333)    (191, 10.25)    (192, -1.33333)    (193, -0.0138889)   
row 192:   (29, 0.694444)    (30, -2.77778)    (31, -2.77778)    (65, -0.694444)    (66, 1.44444)    (67, 2.77778)    (124, 0.694444)    (129, -2.77778)    (133, -2.77778)    (146, -3.85781e-15)    (147, -11.1111)    (148, 4.77863e-15)    (169, -0.694444)    (174, 1.44444)    (178, 2.77778)    (191, -1.33333)    (192, 16.4444)    (193, -1.33333)   
row 193:   (25, 0.347222)    (26, 0.694444)    (27, 7.85046e-16)    (28, 0.694444)    (29, 0.347222)    (30, 1.3198e-15)    (31, 0.694444)    (61, -0.0138889)    (62, -0.694444)    (63, -1.33333)    (64, -0.694444)    (65, -0.347222)    (66, -1.5335e-15)    (67, -0.694444)    (124, 0.347222)    (129, 0.694444)    (130, 0.694444)    (132, 0.347222)    (133, -2.19645e-15)    (137, 4.30129e-15)    (141, 0.694444)    (146, 0.347222)    (147, 4.83604e-15)    (148, -6.25)    (149, -3.90864e-15)    (150, 0.347222)    (169, -0.0138889)    (174, -0.694444)    (175, -0.694444)    (177, -0.347222)    (178, -1.33333)    (182, -4.14425e-15)    (186, -0.694444)    (191, -0.0138889)    (192, -1.33333)    (193, 10.25)    (194, -1.33333)    (195, -0.0138889)   
row 194:   (25, 0.694444)    (26, -2.77778)    (27, -2.77778)    (61, -0.694444)    (62, 1.44444)    (63, 2.77778)    (132, 0.694444)    (137, -2.77778)    (141, -2.77778)    (148, -3.85781e-15)    (149, -11.1111)    (150, 4.77863e-15)    (177, -0.694444)    (182, 1.44444)    (186, 2.77778)    (193, -1.33333)    (194, 16.4444)    (195, -1.33333)   
row 195:   (20, 0.347222)    (22, 0.694444)    (23, 7.85046e-16)    (24, 0.694444)    (25, 0.347222)    (26, 1.3198e-15)    (27, 0.694444)    (56, -0.0138889)    (58, -0.694444)    (59, -1.33333)    (60, -0.694444)    (61, -0.347222)    (62, -1.5335e-15)    (63, -0.694444)    (132, 0.347222)    (137, 0.694444)    (138, 0.694444)    (140, 0.347222)    (141, -2.19645e-15)    (142, 4.30129e-15)    (143, 0.694444)    (148, 0.347222)    (149, 4.83604e-15)    (150, -6.25)    (151, -3.90864e-15)    (152, 0.347222)    (177, -0.0138889)    (182, -0.694444)    (183, -0.694444)    (185, -0.347222)    (186, -1.33333)    (187, -4.14425e-15)    (188, -0.694444)    (193, -0.0138889)    (194, -1.33333)    (195, 10.25)    (196, -1.33333)    (197, -0.0138889)   
row 196:   (20, 0.694444)    (22, -2.77778)    (23, -2.77778)    (56, -0.694444)    (58, 1.44444)    (59, 2.77778)    (140, 0.694444)    (142, -2.77778)    (143, -2.77778)    (150, -3.85781e-15)    (151, -11.1111)    (152, 4.77863e-15)    (185, -0.694444)    (187, 1.44444)    (188, 2.77778)    (195, -1.33333)    (196, 16.4444)    (197, -1.33333)   
row 197:   (18, 0.173611)    (19, 0.694444)    (20, 0.347222)    (21, -1.09822e-15)    (22, 1.3198e-15)    (23, 0.694444)    (54, -0.00694444)    (55, -0.694444)    (56, -0.347222)    (57, -0.666667)    (58, -1.5335e-15)    (59, -0.694444)    (140, 0.173611)    (142, 0.694444)    (143, -1.09822e-15)    (150, 0.347222)    (151, 4.83604e-15)    (152, -3.125)    (185, -0.00694444)    (187, -0.694444)    (188, -0.666667)    (195, -0.0138889)    (196, -1.33333)    (197, 5.125)   
row 198:   (153, 0.)    (154, 0.)    (155, 0.)    (156, 0.)    (157, 0.)    (158, 0.)    (198, 1.)    (199, 0.)    (200, 0.)    (201, 0.)    (202, 0.)    (203, 0.)   
row 199:   (153, 0.)    (154, -11.1111)    (155, -2.77778)    (156, 0.)    (157, 0.)    (158, 4.28824e-15)    (159, -2.77778)    (160, -2.77778)    (161, 0.694444)    (198, 0.)    (199, 16.4444)    (200, 1.44444)    (201, 0.)    (202, 0.)    (203, -3.98119e-15)    (204, 1.44444)    (205, 1.44444)    (206, -0.694444)   
row 200:   (153, 0.)    (154, -2.77778)    (155, -5.55556)    (156, 0.)    (157, 0.)    (158, -1.09153e-15)    (198, 0.)    (199, 1.44444)    (200, 8.22222)    (201, 0.)    (202, 0.)    (203, -0.666667)   
row 201:   (153, 0.)    (154, 0.)    (155, 0.)    (156, 0.)    (157, 0.)    (158, 0.)    (198, 0.)    (199, 0.)    (200, 0.)    (201, 1.)    (202, 0.)    (203, 0.)   
row 202:   (153, 0.)    (154, 0.)    (155, 0.)    (156, 0.)    (157, 0.)    (158, 0.)    (159, 0.)    (160, 0.)    (161, 0.)    (165, 0.)    (166, 0.)    (189, 0.)    (198, 0.)    (199, 0.)    (200, 0.)    (201, 0.)    (202, 1.)    (203, 0.)    (204, 0.)    (205, 0.)    (206, 0.)    (210, 0.)    (211, 0.)    (234, 0.)   
row 203:   (153, 0.)    (154, 4.30129e-15)    (155, -1.09822e-15)    (156, 0.)    (157, 0.)    (158, -3.125)    (159, 0.694444)    (160, -4.00091e-15)    (161, 0.347222)    (162, 0.694444)    (163, 3.84538e-15)    (164, 0.173611)    (198, 0.)    (199, -4.14425e-15)    (200, -0.666667)    (201, 0.)    (202, 0.)    (203, 5.125)    (204, -0.694444)    (205, -1.33333)    (206, -0.0138889)    (207, -0.694444)    (208, -0.666667)    (209, -0.00694444)   
row 204:   (154, -2.77778)    (157, 0.)    (158, 0.694444)    (159, -11.1111)    (160, -2.77778)    (161, 8.07399e-16)    (165, 0.)    (166, -2.77778)    (189, 0.)    (199, 1.44444)    (202, 0.)    (203, -0.694444)    (204, 16.4444)    (205, 2.77778)    (206, -1.33333)    (210, 0.)    (211, 1.44444)    (234, 0.)   
row 205:   (154, -2.77778)    (157, 0.)    (158, -3.9015e-15)    (159, -2.77778)    (160, -11.1111)    (161, 4.28824e-15)    (162, -2.77778)    (163, -2.77778)    (164, 0.694444)    (199, 1.44444)    (202, 0.)    (203, -1.33333)    (204, 2.77778)    (205, 16.4444)    (206, -1.33333)    (207, 1.44444)    (208, 2.77778)    (209, -0.694444)   
row 206:   (154, 0.694444)    (157, 0.)    (158, 0.347222)    (159, 7.85046e-16)    (160, 4.30129e-15)    (161, -6.25)    (162, -4.00091e-15)    (163, 0.694444)    (164, 0.347222)    (165, 0.)    (166, -4.00091e-15)    (167, 1.79878e-15)    (168, 0.694444)    (169, 0.347222)    (170, 7.69075e-15)    (174, 0.694444)    (189, 0.)    (190, 0.694444)    (191, 0.347222)    (199, -0.694444)    (202, 0.)    (203, -0.0138889)    (204, -1.33333)    (205, -1.33333)    (206, 10.25)    (207, 4.04364e-15)    (208, -0.694444)    (209, -0.347222)    (210, 0.)    (211, 4.04364e-15)    (212, -1.33333)    (213, -0.694444)    (214, -0.0138889)    (215, -1.33333)    (219, -0.694444)    (234, 0.)    (235, -0.694444)    (236, -0.0138889)   
row 207:   (158, 0.694444)    (160, -2.77778)    (161, -3.9015e-15)    (162, -11.1111)    (163, -2.77778)    (164, 4.28824e-15)    (167, -2.77778)    (168, -2.77778)    (169, 0.694444)    (203, -0.694444)    (205, 1.44444)    (206, 4.02803e-15)    (207, 16.4444)    (208, 1.44444)    (209, -3.98119e-15)    (212, 1.44444)    (213, 1.44444)    (214, -0.694444)   
row 208:   (158, 3.80609e-15)    (160, -2.77778)    (161, 0.694444)    (162, -2.77778)    (163, -5.55556)    (164, -1.09153e-15)    (203, -0.666667)    (205, 2.77778)    (206, -0.694444)    (207, 1.44444)    (208, 8.22222)    (209, -0.666667)   
row 209:   (158, 0.173611)    (160, 0.694444)    (161, 0.347222)    (162, 4.30129e-15)    (163, -1.09822e-15)    (164, -3.125)    (167, 0.694444)    (168, -4.00091e-15)    (169, 0.347222)    (171, 0.694444)    (172, 3.84538e-15)    (173, 0.173611)    (203, -0.00694444)    (205, -0.694444)    (206, -0.347222)    (207, -4.14425e-15)    (208, -0.666667)    (209, 5.125)    (212, -0.694444)    (213, -1.33333)    (214, -0.0138889)    (216, -0.694444)    (217, -0.666667)    (218, -0.00694444)   
row 210:   (157, 0.)    (159, 0.)    (161, 0.)    (165, 0.)    (166, 0.)    (189, 0.)    (202, 0.)    (204, 0.)    (206, 0.)    (210, 1.)    (211, 0.)    (234, 0.)   
row 211:   (157, 0.)    (159, -2.77778)    (161, -3.9015e-15)    (165, 0.)    (166, -11.1111)    (170, -2.77778)    (189, 0.)    (190, -2.77778)    (191, 0.694444)    (202, 0.)    (204, 1.44444)    (206, 4.02803e-15)    (210, 0.)    (211, 16.4444)    (215, 1.44444)    (234, 0.)    (235, 1.44444)    (236, -0.694444)   
row 212:   (161, 1.83349e-15)    (162, -2.77778)    (164, 0.694444)    (167, -11.1111)    (168, -2.77778)    (169, 8.07399e-16)    (170, -2.77778)    (174, -2.77778)    (191, 0.694444)    (206, -1.33333)    (207, 1.44444)    (209, -0.694444)    (212, 16.4444)    (213, 2.77778)    (214, -1.33333)    (215, 2.77778)    (219, 1.44444)    (236, -0.694444)   
row 213:   (161, 0.694444)    (162, -2.77778)    (164, -3.9015e-15)    (167, -2.77778)    (168, -11.1111)    (169, 4.28824e-15)    (171, -2.77778)    (172, -2.77778)    (173, 0.694444)    (206, -0.694444)    (207, 1.44444)    (209, -1.33333)    (212, 2.77778)    (213, 16.4444)    (214, -1.33333)    (216, 1.44444)    (217, 2.77778)    (218, -0.694444)   
row 214:   (161, 0.347222)    (162, 0.694444)    (164, 0.347222)    (167, 7.85046e-16)    (168, 4.30129e-15)    (169, -6.25)    (170, 0.694444)    (171, -4.00091e-15)    (172, 0.694444)    (173, 0.347222)    (174, -4.00091e-15)    (175, 1.79878e-15)    (176, 0.694444)    (177, 0.347222)    (178, 7.69075e-15)    (182, 0.694444)    (191, 0.347222)    (192, 0.694444)    (193, 0.347222)    (206, -0.0138889)    (207, -0.694444)    (209, -0.0138889)    (212, -1.33333)    (213, -1.33333)    (214, 10.25)    (215, -0.694444)    (216, 4.04364e-15)    (217, -0.694444)    (218, -0.347222)    (219, 4.04364e-15)    (220, -1.33333)    (221, -0.694444)    (222, -0.0138889)    (223, -1.33333)    (227, -0.694444)    (236, -0.347222)    (237, -0.694444)    (238, -0.0138889)   
row 215:   (161, 7.61217e-15)    (166, -2.77778)    (167, -2.77778)    (169, 0.694444)    (170, -11.1111)    (174, -2.77778)    (189, 0.)    (190, -2.77778)    (191, -2.18306e-15)    (206, -1.33333)    (211, 1.44444)    (212, 2.77778)    (214, -0.694444)    (215, 16.4444)    (219, 1.44444)    (234, 0.)    (235, 2.77778)    (236, -1.33333)   
row 216:   (164, 0.694444)    (168, -2.77778)    (169, -3.9015e-15)    (171, -11.1111)    (172, -2.77778)    (173, 4.28824e-15)    (175, -2.77778)    (176, -2.77778)    (177, 0.694444)    (209, -0.694444)    (213, 1.44444)    (214, 4.02803e-15)    (216, 16.4444)    (217, 1.44444)    (218, -3.98119e-15)    (220, 1.44444)    (221, 1.44444)    (222, -0.694444)   
row 217:   (164, 3.80609e-15)    (168, -2.77778)    (169, 0.694444)    (171, -2.77778)    (172, -5.55556)    (173, -1.09153e-15)    (209, -0.666667)    (213, 2.77778)    (214, -0.694444)    (216, 1.44444)    (217, 8.22222)    (218, -0.666667)   
row 218:   (164, 0.173611)    (168, 0.694444)    (169, 0.347222)    (171, 4.30129e-15)    (172, -1.09822e-15)    (173, -3.125)    (175, 0.694444)    (176, -4.00091e-15)    (177, 0.347222)    (179, 0.694444)    (180, 3.84538e-15)    (181, 0.173611)    (209, -0.00694444)    (213, -0.694444)    (214, -0.347222)    (216, -4.14425e-15)    (217, -0.666667)    (218, 5.125)    (220, -0.694444)    (221, -1.33333)    (222, -0.0138889)    (224, -0.694444)    (225, -0.666667)    (226, -0.00694444)   
row 219:   (161, 0.694444)    (167, -2.77778)    (169, -3.9015e-15)    (170, -2.77778)    (174, -11.1111)    (178, -2.77778)    (191, 4.28824e-15)    (192, -2.77778)    (193, 0.694444)    (206, -0.694444)    (212, 1.44444)    (214, 4.02803e-15)    (215, 1.44444)    (219, 16.4444)    (223, 1.44444)    (236, -3.98119e-15)    (237, 1.44444)    (238, -0.694444)   
row 220:   (169, 1.83349e-15)    (171, -2.77778)    (173, 0.694444)    (175, -11.1111)    (176, -2.77778)    (177, 8.07399e-16)    (178, -2.77778)    (182, -2.77778)    (193, 0.694444)    (214, -1.33333)    (216, 1.44444)    (218, -0.694444)    (220, 16.4444)    (221, 2.77778)    (222, -1.33333)    (223, 2.77778)    (227, 1.44444)    (238, -0.694444)   
row 221:   (169, 0.694444)    (171, -2.77778)    (173, -3.9015e-15)    (175, -2.77778)    (176, -11.1111)    (177, 4.28824e-15)    (179, -2.77778)    (180, -2.77778)    (181, 0.694444)    (214, -0.694444)    (216, 1.44444)    (218, -1.33333)    (220, 2.77778)    (221, 16.4444)    (222, -1.33333)    (224, 1.44444)    (225, 2.77778)    (226, -0.694444)   
row 222:   (169, 0.347222)    (171, 0.694444)    (173, 0.347222)    (175, 7.85046e-16)    (176, 4.30129e-15)    (177, -6.25)    (178, 0.694444)    (179, -4.00091e-15)    (180, 0.694444)    (181, 0.347222)    (182, -4.00091e-15)    (183, 1.79878e-15)    (184, 0.694444)    (185, 0.347222)    (186, 7.69075e-15)    (187, 0.694444)    (193, 0.347222)    (194, 0.694444)    (195, 0.347222)    (214, -0.0138889)    (216, -0.694444)    (218, -0.0138889)    (220, -1.33333)    (221, -1.33333)    (222, 10.25)    (223, -0.694444)    (224, 4.04364e-15)    (225, -0.694444)    (226, -0.347222)    (227, 4.04364e-15)    (228, -1.33333)    (229, -0.694444)    (230, -0.0138889)    (231, -1.33333)    (232, -0.694444)    (238, -0.347222)    (239, -0.694444)    (240, -0.0138889)   
row 223:   (169, 7.61217e-15)    (174, -2.77778)    (175, -2.77778)    (177, 0.694444)    (178, -11.1111)    (182, -2.77778)    (191, 0.694444)    (192, -2.77778)    (193, -2.18306e-15)    (214, -1.33333)    (219, 1.44444)    (220, 2.77778)    (222, -0.694444)    (223, 16.4444)    (227, 1.44444)    (236, -0.694444)    (237, 2.77778)    (238, -1.33333)   
row 224:   (173, 0.694444)    (176, -2.77778)    (177, -3.9015e-15)    (179, -11.1111)    (180, -2.77778)    (181, 4.28824e-15)    (183, -2.77778)    (184, -2.77778)    (185, 0.694444)    (218, -0.694444)    (221, 1.44444)    (222, 4.02803e-15)    (224, 16.4444)    (225, 1.44444)    (226, -3.98119e-15)    (228, 1.44444)    (229, 1.44444)    (230, -0.694444)   
row 225:   (173, 3.80609e-15)    (176, -2.77778)    (177, 0.694444)    (179, -2.77778)    (180, -5.55556)    (181, -1.09153e-15)    (218, -0.666667)    (221, 2.77778)    (222, -0.694444)    (224, 1.44444)    (225, 8.22222)    (226, -0.666667)   
row 226:   (173, 0.173611)    (176, 0.694444)    (177, 0.347222)    (179, 4.30129e-15)    (180, -1.09822e-15)    (181, -2.08333)    (183, 0.694444)    (184, -1.95432e-15)    (185, 0.173611)    (218, -0.00694444)    (221, -0.694444)    (222, -0.347222)    (224, -4.14425e-15)    (225, -0.666667)    (226, 3.08333)    (228, -0.694444)    (229, -0.666667)    (230, -0.00694444)   
row 227:   (169, 0.694444)    (175, -2.77778)    (177, -3.9015e-15)    (178, -2.77778)    (182, -11.1111)    (186, -2.77778)    (193, 4.28824e-15)    (194, -2.77778)    (195, 0.694444)    (214, -0.694444)    (220, 1.44444)    (222, 4.02803e-15)    (223, 1.44444)    (227, 16.4444)    (231, 1.44444)    (238, -3.98119e-15)    (239, 1.44444)    (240, -0.694444)   
row 228:   (177, 1.83349e-15)    (179, -2.77778)    (181, 0.694444)    (183, -11.1111)    (184, -2.77778)    (185, 8.07399e-16)    (186, -2.77778)    (187, -2.77778)    (195, 0.694444)    (222, -1.33333)    (224, 1.44444)    (226, -0.694444)    (228, 16.4444)    (229, 2.77778)    (230, -1.33333)    (231, 2.77778)    (232, 1.44444)    (240, -0.694444)   
row 229:   (177, 0.694444)    (179, -2.77778)    (181, -1.9289e-15)    (183, -2.77778)    (184, -5.55556)    (185, 2.38932e-15)    (222, -0.694444)    (224, 1.44444)    (226, -0.666667)    (228, 2.77778)    (229, 8.22222)    (230, -0.666667)   
row 230:   (177, 0.347222)    (179, 0.694444)    (181, 0.173611)    (183, 7.85046e-16)    (184, 2.41802e-15)    (185, -3.125)    (186, 0.694444)    (187, -4.00091e-15)    (188, 3.84538e-15)    (195, 0.347222)    (196, 0.694444)    (197, 0.173611)    (222, -0.0138889)    (224, -0.694444)    (226, -0.00694444)    (228, -1.33333)    (229, -0.666667)    (230, 5.125)    (231, -0.694444)    (232, 4.04364e-15)    (233, -0.666667)    (240, -0.347222)    (241, -0.694444)    (242, -0.00694444)   
row 231:   (177, 7.61217e-15)    (182, -2.77778)    (183, -2.77778)    (185, 0.694444)    (186, -11.1111)    (187, -2.77778)    (193, 0.694444)    (194, -2.77778)    (195, -2.18306e-15)    (222, -1.33333)    (227, 1.44444)    (228, 2.77778)    (230, -0.694444)    (231, 16.4444)    (232, 1.44444)    (238, -0.694444)    (239, 2.77778)    (240, -1.33333)   
row 232:   (177, 0.694444)    (183, -2.77778)    (185, -3.9015e-15)    (186, -2.77778)    (187, -11.1111)    (188, -2.77778)    (195, 4.28824e-15)    (196, -2.77778)    (197, 0.694444)    (222, -0.694444)    (228, 1.44444)    (230, 4.02803e-15)    (231, 1.44444)    (232, 16.4444)    (233, 1.44444)    (240, -3.98119e-15)    (241, 1.44444)    (242, -0.694444)   
row 233:   (185, 3.80609e-15)    (187, -2.77778)    (188, -5.55556)    (195, 0.694444)    (196, -2.77778)    (197, -1.09153e-15)    (230, -0.666667)    (232, 1.44444)    (233, 8.22222)    (240, -0.694444)    (241, 2.77778)    (242, -0.666667)   
row 234:   (69, 0.)    (70, 0.)    (71, 0.)    (105, 0.)    (106, 0.)    (107, 0.)    (157, 0.)    (159, 0.)    (161, 0.)    (165, 0.)    (166, 0.)    (170, 0.)    (189, 0.)    (190, 0.)    (191, 0.)    (202, 0.)    (204, 0.)    (206, 0.)    (210, 0.)    (211, 0.)    (215, 0.)    (234, 1.)    (235, 0.)    (236, 0.)   
row 235:   (69, 0.)    (70, -2.77778)    (71, 0.)    (105, 0.)    (106, 1.44444)    (107, 0.)    (161, 0.694444)    (166, -2.77778)    (170, -2.77778)    (189, 0.)    (190, -11.1111)    (191, 4.77863e-15)    (206, -0.694444)    (211, 1.44444)    (215, 2.77778)    (234, 0.)    (235, 16.4444)    (236, -1.33333)   
row 236:   (65, 0.347222)    (66, 0.694444)    (67, 7.85046e-16)    (68, 0.694444)    (69, 0.)    (70, 1.3198e-15)    (71, 0.)    (101, -0.0138889)    (102, -0.694444)    (103, -1.33333)    (104, -0.694444)    (105, 0.)    (106, -1.5335e-15)    (107, 0.)    (161, 0.347222)    (166, 0.694444)    (167, 0.694444)    (169, 0.347222)    (170, -2.19645e-15)    (174, 4.30129e-15)    (178, 0.694444)    (189, 0.)    (190, 4.83604e-15)    (191, -6.25)    (192, -3.90864e-15)    (193, 0.347222)    (206, -0.0138889)    (211, -0.694444)    (212, -0.694444)    (214, -0.347222)    (215, -1.33333)    (219, -4.14425e-15)    (223, -0.694444)    (234, 0.)    (235, -1.33333)    (236, 10.25)    (237, -1.33333)    (238, -0.0138889)   
row 237:   (65, 0.694444)    (66, -2.77778)    (67, -2.77778)    (101, -0.694444)    (102, 1.44444)    (103, 2.77778)    (169, 0.694444)    (174, -2.77778)    (178, -2.77778)    (191, -3.85781e-15)    (192, -11.1111)    (193, 4.77863e-15)    (214, -0.694444)    (219, 1.44444)    (223, 2.77778)    (236, -1.33333)    (237, 16.4444)    (238, -1.33333)   
row 238:   (61, 0.347222)    (62, 0.694444)    (63, 7.85046e-16)    (64, 0.694444)    (65, 0.347222)    (66, 1.3198e-15)    (67, 0.694444)    (97, -0.0138889)    (98, -0.694444)    (99, -1.33333)    (100, -0.694444)    (101, -0.347222)    (102, -1.5335e-15)    (103, -0.694444)    (169, 0.347222)    (174, 0.694444)    (175, 0.694444)    (177, 0.347222)    (178, -2.19645e-15)    (182, 4.30129e-15)    (186, 0.694444)    (191, 0.347222)    (192, 4.83604e-15)    (193, -6.25)    (194, -3.90864e-15)    (195, 0.347222)    (214, -0.0138889)    (219, -0.694444)    (220, -0.694444)    (222, -0.347222)    (223, -1.33333)    (227, -4.14425e-15)    (231, -0.694444)    (236, -0.0138889)    (237, -1.33333)    (238, 10.25)    (239, -1.33333)    (240, -0.0138889)   
row 239:   (61, 0.694444)    (62, -2.77778)    (63, -2.77778)    (97, -0.694444)    (98, 1.44444)    (99, 2.77778)    (177, 0.694444)    (182, -2.77778)    (186, -2.77778)    (193, -3.85781e-15)    (194, -11.1111)    (195, 4.77863e-15)    (222, -0.694444)    (227, 1.44444)    (231, 2.77778)    (238, -1.33333)    (239, 16.4444)    (240, -1.33333)   
row 240:   (56, 0.347222)    (58, 0.694444)    (59, 7.85046e-16)    (60, 0.694444)    (61, 0.347222)    (62, 1.3198e-15)    (63, 0.694444)    (92, -0.0138889)    (94, -0.694444)    (95, -1.33333)    (96, -0.694444)    (97, -0.347222)    (98, -1.5335e-15)    (99, -0.694444)    (177, 0.347222)    (182, 0.694444)    (183, 0.694444)    (185, 0.347222)    (186, -2.19645e-15)    (187, 4.30129e-15)    (188, 0.694444)    (193, 0.347222)    (194, 4.83604e-15)    (195, -6.25)    (196, -3.90864e-15)    (197, 0.347222)    (222, -0.0138889)    (227, -0.694444)    (228, -0.694444)    (230, -0.347222)    (231, -1.33333)    (232, -4.14425e-15)    (233, -0.694444)    (238, -0.0138889)    (239, -1.33333)    (240, 10.25)    (241, -1.33333)    (242, -0.0138889)   
row 241:   (56, 0.694444)    (58, -2.77778)    (59, -2.77778)    (92, -0.694444)    (94, 1.44444)    (95, 2.77778)    (185, 0.694444)    (187, -2.77778)    (188, -2.77778)    (195, -3.85781e-15)    (196, -11.1111)    (197, 4.77863e-15)    (230, -0.694444)    (232, 1.44444)    (233, 2.77778)    (240, -1.33333)    (241, 16.4444)    (242, -1.33333)   
row 242:   (54, 0.173611)    (55, 0.694444)    (56, 0.347222)    (57, -1.09822e-15)    (58, 1.3198e-15)    (59, 0.694444)    (90, -0.00694444)    (91, -0.694444)    (92, -0.347222)    (93, -0.666667)    (94, -1.5335e-15)    (95, -0.694444)    (185, 0.173611)    (187, 0.694444)    (188, -1.09822e-15)    (195, 0.347222)    (196, 4.83604e-15)    (197, -3.125)    (230, -0.00694444)    (232, -0.694444)    (233, -0.666667)    (240, -0.0138889)    (241, -1.33333)    (242, 5.125)   
